{
  "id": "npc_001",
  "name": "林晨",
  "gender": "男",
  "age": "28岁",
  "importance": 85.0,
  "traits": [
    "软件工程师",
    "技术宅",
    "正义感强",
    "有些社恐"
  ],
  "behavior_rules": [
    "遇到技术问题会兴奋地深入研究",
    "面对陌生人时会紧张，说话结巴",
    "发现不公正的事情会挺身而出",
    "喜欢用技术手段解决问题"
  ],
  "relationship_matrix": {
    "user": {
      "address_as": "朋友",
      "attitude": "友好但保持距离"
    },
    "npc_002": {
      "address_as": "晴雨",
      "attitude": "信任，欣赏她的勇敢"
    }
  },
  "possessions": [
    "笔记本电脑",
    "智能手机",
    "U盘（存有关键证据）"
  ],
  "current_appearance": "瘦削的年轻男子，戴着黑框眼镜，穿着格子衬衫和牛仔裤，眼神疲惫但专注",
  "voice_samples": [
    "这个数据异常太明显了，肯定有问题...",
    "等等，让我看看代码...",
    "我...我不太擅长和人打交道，但这件事我必须管"
  ]
}