{
  "current_scene": {
    "location_id": "loc_cafe_downtown",
    "location_name": "市中心咖啡馆",
    "time_of_day": "2024-11-26 15:00",
    "description": ""
  },
  "weather": {
    "condition": "晴朗",
    "temperature": "22°C"
  },
  "characters_present": [
    {
      "id": "user",
      "name": "hhhh",
      "mood": "平静",
      "activity": "在场"
    },
    {
      "id": "npc_001",
      "name": "林晨",
      "mood": "平静",
      "activity": "在场"
    },
    {
      "id": "npc_002",
      "name": "苏晴雨",
      "mood": "平静",
      "activity": "在场"
    }
  ],
  "characters_absent": [],
  "relationship_matrix": {},
  "world_situation": {
    "summary": "故事在江城市展开，一切刚刚开始。",
    "tension_level": "平静",
    "key_developments": []
  },
  "meta": {
    "game_turn": 0,
    "last_updated": "2026-01-23T10:20:33.059740",
    "total_elapsed_time": "0分钟"
  }
}