{
  "id": "npc_045",
  "name": "贺老大",
  "gender": "男",
  "age": "老年",
  "importance": 0.1,
  "traits": [
    "贺家坊首领",
    "刚烈不屈",
    "农协骨干",
    "性格豪爽"
  ],
  "behavior_rules": [
    "敢于带头反抗官府压迫，不惧生死。",
    "在关键时刻能够挺身而出，维护农协和穷人的利益。",
    "宁死不屈，面对酷刑和死亡威胁绝不低头求饶。"
  ],
  "relationship_matrix": {
    "npc_001": {
      "address_as": "白族长",
      "attitude": "尊重白嘉轩的族长地位，但在闹农协等激进事务上与其存在立场分歧。"
    },
    "npc_003": {
      "address_as": "鹿校长",
      "attitude": "敬佩鹿兆鹏的革命见识，愿意听从其指挥闹革命，认为其比自己更有出息。"
    },
    "npc_004": {
      "address_as": "黑娃",
      "attitude": "非常看重黑娃的胆识，视其为革命领袖，在行动上全力支持。"
    },
    "npc_011": {
      "address_as": "田总乡约",
      "attitude": "极度仇视，认为其是剥削百姓的贪官污吏，曾在斗争会上想将其开铡。"
    }
  },
  "possessions": [
    "贺家坊锣鼓班子",
    "龙旗",
    "贺家祖产"
  ],
  "current_appearance": "一头黑白混杂的头发，一脸白黑相搅的串脸胡须，形象威武。在受刑时，浑身血迹，即便被吊在高杆上依然怒目圆睁。",
  "voice_samples": [
    "你们比我争！我不算啥。我那阵儿不过是反了一个瞎县官，你们这回要把世事翻个过儿，你们比我争。",
    "田福贤，我把你娃子没当个啥，连我裆里的东西也没当！"
  ]
}