{
  "visual_description": "晨光下的黄土小路被染成金黄色；青砖门楼上的白鹤白鹿雕刻；槐树与香椿树投下的斑驳光影",
  "auditory_description": "纺车嗡嗡声与织布机呱哒声；祠堂传来的锣鼓声；远处传来的秦腔吼唱",
  "olfactory_description": "清晨的清新空气；微弱的旱烟味；远处牛棚的淡淡粪尿气息",
  "emotional_tone": "肃穆；庄严；传统；宁静；紧张",
  "full_atmosphere_text": "清晨的阳光穿透薄雾，将白鹿村的黄土小路染成温暖的金黄色。高耸的青砖门楼在晨光中肃穆矗立，门楼两侧挺拔的白鹤白鹿雕刻栩栩如生，仿佛守护着这片土地。密集的槐树与香椿树沿着村道排列，枝叶间漏下斑驳的光影。空气中弥漫着清晨特有的清新，却又夹杂着微弱的旱烟味和远处牛棚传来的淡淡粪尿气息。纺车嗡嗡声与织布机呱哒声此起彼伏，祠堂方向传来断断续续的锣鼓声，偶尔夹杂着几句高亢的秦腔吼唱，整个村庄在晨光中缓缓苏醒，却又透着一股不容侵犯的庄重与威严。"
}