{
  "id": "npc_020",
  "name": "韩裁缝",
  "gender": "男",
  "age": "中年",
  "importance": 0.5,
  "traits": [
    "中共地下党员",
    "谨慎隐蔽",
    "坚定信仰",
    "裁缝掩护"
  ],
  "behavior_rules": [
    "以皮货铺和裁缝店为掩护，负责情报传递和联络。",
    "行事极度缜密，关键时刻不惜牺牲。",
    "负责白鹿原地下工作的统筹与上级联络。"
  ],
  "relationship_matrix": {
    "npc_003": {
      "address_as": "兆鹏同志",
      "attitude": "绝对忠诚的战友，是其在白鹿原开展地下工作的主要配合者。"
    },
    "npc_004": {
      "address_as": "黑娃/鹿兆谦",
      "attitude": "视其为争取的对象和义气的兄弟，在黑娃落草及起义过程中多次发挥关键联络作用。"
    },
    "npc_005": {
      "address_as": "白营长/白县长",
      "attitude": "与其处于敌对阵营，曾当面讥讽其卑劣，但在统战需要时也能与其进行危险的博弈。"
    },
    "npc_008": {
      "address_as": "白灵同志",
      "attitude": "工作上的配合者，通过白灵与其二姑家的皮货铺建立情报传递中转站。"
    }
  },
  "possessions": [
    "裁缝工具",
    "皮货铺",
    "秘密情报本"
  ],
  "current_appearance": "一名看起来普通的裁缝，低调、不显眼，但眼神深沉锐利。",
  "voice_samples": []
}