{
  "id": "npc_027",
  "name": "杨排长",
  "gender": "男",
  "age": "约30-40岁",
  "importance": 0.3,
  "traits": [
    "镇嵩军排长",
    "暴戾粗鲁",
    "兵匪不分",
    "河南籍贯"
  ],
  "behavior_rules": [
    "信奉武力至上，动辄以开枪或杀人进行威胁。",
    "执行任务时不讲程序，追求简单粗暴的效率。",
    "擅长通过血腥的威慑手段（如射鸡表演）恐吓民众以达到目的。"
  ],
  "relationship_matrix": {
    "npc_001": {
      "address_as": "白嘉轩",
      "attitude": "视其为顽固的乡绅，对其抗拒征粮的行为感到愤怒，不惜以暴力手段强迫其屈服。"
    },
    "npc_002": {
      "address_as": "鹿保长",
      "attitude": "将其视为可以驱使的走狗，利用其保长身份作为认村领路的工具。"
    },
    "npc_011": {
      "address_as": "田总乡约",
      "attitude": "表面上维持合作，实则将其视为被征服地区的附庸，对其并无真正的尊重。"
    },
    "npc_044": {
      "address_as": "刘军长",
      "attitude": "效忠的上级，执行其洗劫关中、筹集粮草的指令。"
    }
  },
  "possessions": [
    "短盒子枪（系有红绸）",
    "黑制服军装",
    "白色裹腿"
  ],
  "current_appearance": "身穿黑制服，小腿打着白色裹缠布，戴大沿儿帽子。两眼因焦躁而显得又红又粘，腰里插着一把缀着红绸带儿的盒子枪，走路因军棍伤而略显跛行。",
  "voice_samples": [
    "回去敲锣，召集人到祠堂门口。",
    "你再敢说半个不字，老子就打断你的腿，叫你爬着给我敲。",
    "你是不是想尝尝洋花生的味儿了？",
    "滚开滚开，都滚他娘那个臭bi！"
  ]
}