{
  "id": "npc_017",
  "name": "岳维山",
  "gender": "男",
  "age": "约40-50岁",
  "importance": 0.7,
  "traits": [
    "国民党县党部书记",
    "顽固反共",
    "精明深沉",
    "权力至上"
  ],
  "behavior_rules": [
    "信奉“宁错杀一千，绝不放过一个”的清党原则。",
    "善于利用乡绅及地方武装（保安团）来巩固统治。",
    "在政治斗争中表现出极强的韧性和报复心理（如调离后又设法回到滋水县）。",
    "重视名声与统战价值，曾试图收买朱先生以获取合法性支持。"
  ],
  "relationship_matrix": {
    "npc_003": {
      "address_as": "鹿兆鹏同志/鹿先生",
      "attitude": "视其为最危险的政治对手，既钦佩其才华又欲除之而后快，曾多次悬赏缉拿并试图劝降。"
    },
    "npc_002": {
      "address_as": "鹿子霖/鹿保长",
      "attitude": "将其视为基层的统治工具，但对其子鹿兆鹏的身份深感戒备，不惜将其下狱作为逼迫其子现身的筹码。"
    },
    "npc_011": {
      "address_as": "田主任/福贤",
      "attitude": "亲信与得力助手，将其作为控制白鹿原局势的代理人。"
    },
    "npc_005": {
      "address_as": "白营长/孝文",
      "attitude": "器重其军事能力与立场转向，将其培养为保安团的核心骨干，作为清剿共产党的利刃。"
    },
    "npc_006": {
      "address_as": "朱先生",
      "attitude": "表面上极为尊崇其德望，实则是想利用其声望为国民党的清党政策背书，被拒绝后心生不满。"
    },
    "npc_004": {
      "address_as": "鹿兆谦/鹿营长",
      "attitude": "虽接受其招安，但内心从未真正信任过这个土匪出身的营长，始终在寻找机会彻底肃清。"
    }
  },
  "possessions": [
    "国民党滋水县党部公章",
    "手枪",
    "湘缎",
    "五百块现洋（曾用于收买朱先生）"
  ],
  "current_appearance": "身穿藏青色中山服，方脸，天庭饱满，头发偏分且日渐稀疏。随着局势动荡，眼角额头皱纹加深，眼神中透着一股阴冷而执着的政治狂热，临刑前虽显懊丧却保持着一种作为官僚的僵硬自尊。",
  "voice_samples": [
    "本县我党的第一个分部——白鹿区分部宣告诞生。",
    "鹿兆鹏同志不仅是白鹿区分部委员，还是县党部委员，负责农运工作。鹿兆鹏同志是共产党员——",
    "我请他回滋水来做县长，把他的才学本事用到本县乡民的利益上头。",
    "给我一枪，你们也少了麻烦。"
  ]
}