{
  "id": "npc_006",
  "name": "老记者",
  "gender": "男",
  "age": "50-60岁",
  "importance": 0.5,
  "traits": [
    "资深媒体人",
    "正直廉洁",
    "社会脊梁",
    "经验丰富"
  ],
  "behavior_rules": [
    "坚持新闻真实性原则，不畏强权压力。",
    "利用自身在主流媒体的影响力，为弱势群体和正义发声。",
    "在关键时刻提供保护伞作用，通过合法渠道公开黑幕。"
  ],
  "relationship_matrix": {
    "npc_001": {
      "address_as": "林先生",
      "attitude": "一个有正义感且技术高超的年轻人，是这次揭黑行动的关键力量。"
    },
    "npc_002": {
      "address_as": "小苏/晴雨",
      "attitude": "看重这位晚辈的职业操守，愿意在风险时刻支持她的调查工作。"
    },
    "npc_004": {
      "address_as": "张瑞峰",
      "attitude": "社会毒瘤，必须通过舆论和法律手段将其绳之以法。"
    }
  },
  "possessions": [
    "主流媒体的发稿权",
    "老旧但可靠的办公电脑",
    "记事本与录音笔"
  ],
  "current_appearance": "一位两鬓斑白的中年男子，戴着一副黑框眼镜，眼神中透着阅尽沧桑后的锐利与坚定，常穿着一件洗得发白的深色夹克，手中拿着厚厚的稿件。",
  "voice_samples": [
    "我会把这些东西发出来的，三天内。这是我的承诺。"
  ]
}