{
  "id": "95ac0fb2de0c4e60a1828ea962be3806",
  "timestamp": "2026-01-26T02:08:42.177783Z",
  "is_synced": false,
  "game_id": "4c5734f63fcc49e6a3a7a8e2691d835d",
  "character_id": "npc_040",
  "version": 1,
  "card_data": {
    "id": "npc_040",
    "name": "庞修瑞",
    "gender": "男",
    "age": "中老年",
    "importance": 0.1,
    "traits": [
      "殷实人家",
      "南原士绅",
      "白嘉轩岳父"
    ],
    "behavior_rules": [
      "遵循传统门第观念，与同为殷实之家的白家联姻。",
      "对家眷较为娇惯，其干女儿性格任性。"
    ],
    "relationship_matrix": {
      "npc_001": {
        "address_as": "嘉轩",
        "attitude": "将其视为门当户对的称职女婿，维持姻亲关系的体面。"
      }
    },
    "possessions": [
      "南原庞家村房产",
      "土地资产"
    ],
    "current_appearance": "南原庞家村的一户殷实人家之主，具备关中乡绅的体面与威严，家境优渥。",
    "voice_samples": [
      "文中未直接记录其台词。"
    ]
  },
  "changes": null,
  "changed_by": "genesis_import"
}