{
  "id": "npc_044",
  "name": "刘军长",
  "gender": "男",
  "age": "约40-50岁",
  "importance": 0.1,
  "traits": [
    "镇嵩军首领",
    "草莽出身",
    "野心勃勃",
    "兵匪不分"
  ],
  "behavior_rules": [
    "以武力扩张势力，不仅围攻西安，也通过征粮压榨地方。",
    "表面笼络地方贤达（如请朱先生做私人教师），实则利用其声望为自己粉饰。",
    "信奉成王败寇的草莽逻辑，试图通过投机革命和投靠军阀来称王。"
  ],
  "relationship_matrix": {
    "npc_006": {
      "address_as": "朱先生",
      "attitude": "既想利用他的名声和学问来附庸风雅，又对其能预知未来的“神力”心存敬畏与忌惮。"
    },
    "npc_003": {
      "address_as": "鹿兆鹏",
      "attitude": "视其为死对头。鹿兆鹏领导的红军是其称霸关中的军事阻碍。"
    },
    "npc_043": {
      "address_as": "张总督",
      "attitude": "政治上的对手，曾是同僚但最终各为其主，刘试图取代其在西安的统治地位。"
    }
  },
  "possessions": [
    "镇嵩军武装力量",
    "盒子枪",
    "军用汽车",
    "从民间征收的大量粮草"
  ],
  "current_appearance": "一身戎装，带着草莽英雄的粗犷气，虽然身居高位却识字不多，脸上常带着一种志在必得的狂妄神色，但在面对朱先生这种高人时，眼神中会闪过一丝犹豫和试探。",
  "voice_samples": [
    "待我坐定省城，一定常来拜望先生。",
    "一旦拿下西安，我就把枪撂到城河去，兵交给旁人去带。我只做省主席一席文官。",
    "这种不吉利的玩笑，只有先生你才敢说到我当面。"
  ]
}