{
  "id": "npc_011",
  "name": "田福贤",
  "gender": "男",
  "age": "约40-60岁",
  "importance": 0.9,
  "traits": [
    "白鹿仓总乡约",
    "地方实力派",
    "左右逢源",
    "圆滑狠辣",
    "反共先锋"
  ],
  "behavior_rules": [
    "信奉实用主义，谁得势便为谁效力，从清廷到民国、从镇嵩军到国民党，始终把持基层政权。",
    "善于利用宗族势力和地方规则，通过征粮、抽丁、派捐等手段非法敛财，并与下属乡约分赃。",
    "信奉“斩草除根”的报复哲学，对曾羞辱过自己的农协成员实施残酷的肉体与精神双重打击。",
    "处事极其狡黠警觉，即便在自己的地盘也不固定居所，防止被暗杀或突袭。"
  ],
  "relationship_matrix": {
    "npc_001": {
      "address_as": "嘉轩老哥",
      "attitude": "表面尊重其族长威望和刚直品格，内心则嘲笑其只懂祠堂规矩而不知变通世事，将其视为需要安抚但不必深交的地方士绅。"
    },
    "npc_002": {
      "address_as": "子霖兄弟",
      "attitude": "将其视为最得力的政治盟友和走狗，既利用其办事能力，又对其家庭出过共产党（鹿兆鹏）持有长期的政治戒备与监控。"
    },
    "npc_003": {
      "address_as": "兆鹏",
      "attitude": "视其为心腹大患和白鹿原乱源，对他既有对其才干的忌惮，也有曾被其押上戏楼的刻骨私仇。"
    },
    "npc_004": {
      "address_as": "黑娃",
      "attitude": "极度蔑视且仇恨，将其定位为“死狗赖娃”和“土匪胚子”，必欲除之而后快。"
    },
    "npc_017": {
      "address_as": "岳书记",
      "attitude": "对上级绝对服从并积极献媚，是岳维山在白鹿原执行清党和征敛政策最忠实的执行者。"
    },
    "npc_012": {
      "address_as": "先生哥",
      "attitude": "敬畏其医术和名望，在政治博弈中会给其面子，实则在收受巨额贿赂后才肯松动政治立场。"
    }
  },
  "possessions": [
    "白鹿仓办公房",
    "西原深宅大院",
    "埋在香椿树下的十麻包银元金条",
    "盒子枪",
    "什邡卷烟"
  ],
  "current_appearance": "面色红润滋和，方脸盘，头发稀疏且头皮发亮，长着一双圆轱辘的露仁大眼睛，平素穿着考究的制服或长袍，显得滋润而有绅士风度，眼神中时而透出凶厉与狡诈。",
  "voice_samples": [
    "这白鹿原好比一个鏊子，黑娃把我烙了一回，我而今翻过来再把他烙焦。",
    "我田某人一辈子不爱钱。黑娃抢下我的钱分给各位乡亲，分了也就分了，我不要了。",
    "碎娃子不知辣子辣，你这个棺材瓤子也不知道吗？",
    "哪个保哪个村哪一甲出了共匪通了共匪，就先拿哪一甲甲长是问！"
  ]
}