{
  "id": "d02ac0f476f64193ae7f94e7539550e9",
  "timestamp": "2026-01-23T08:56:26.770477Z",
  "is_synced": false,
  "game_id": "49f937b945ce459fbb886b1c89f77a95",
  "character_id": "user",
  "version": 1,
  "card_data": {
    "id": "user",
    "name": "hhh",
    "gender": "未知",
    "age": "未知",
    "importance": 0.8,
    "traits": [
      "由玩家实时展现"
    ],
    "behavior_rules": [
      "遵从玩家实时选择"
    ],
    "relationship_matrix": {},
    "possessions": [],
    "current_appearance": "",
    "voice_samples": [],
    "background": "",
    "motivation": "",
    "personality": "",
    "skills": [],
    "is_player": true
  },
  "changes": null,
  "changed_by": "genesis_import"
}