{
  "id": "npc_007",
  "name": "林晨母亲",
  "gender": "女",
  "age": "50-55岁",
  "importance": 0.1,
  "traits": [
    "平凡农妇",
    "爱子心切",
    "警觉不安",
    "软肋属性"
  ],
  "behavior_rules": [
    "遇到反常情况第一时间联系儿子，寻求安全感",
    "生活节俭，居住在老家，是典型的传统家长",
    "对大城市的纷争缺乏认知，但对家门外的陌生人极度敏感"
  ],
  "relationship_matrix": {
    "npc_001": {
      "address_as": "小晨",
      "attitude": "引以为傲且深深牵挂，他是她生活的重心和唯一的依靠"
    },
    "npc_004": {
      "address_as": "那些坏人",
      "attitude": "极度的恐惧和排斥，认为他们是破坏家庭宁静的威胁"
    }
  },
  "possessions": [
    "老家旧宅",
    "旧式智能手机",
    "林晨大学毕业照"
  ],
  "current_appearance": "一位面容慈祥但布满风霜的典型中年女性，双手因劳作而有些粗糙，此刻神色慌张，正站在老家院门口，不安地打量着远处徘徊的陌生身影。",
  "voice_samples": [
    "小晨啊，妈发现最近老家门口总有几个不认识的人转悠，我心里有点虚……"
  ]
}