{
  "id": "7f9154ddbfb640cda7efc1718302f099",
  "timestamp": "2026-01-23T07:08:22.744382Z",
  "is_synced": false,
  "game_id": "0be9a61bac7940f2925b2bfc76206251",
  "character_id": "npc_006",
  "version": 1,
  "card_data": {
    "id": "npc_006",
    "name": "匿名线人",
    "gender": "男",
    "age": "未知",
    "importance": 0.1,
    "traits": [
      "隐秘身份",
      "掌握内部机密",
      "警惕性高",
      "承担风险",
      "道德感驱使"
    ],
    "behavior_rules": [
      "通过加密渠道传递信息",
      "绝不轻易暴露身份",
      "在确保安全的前提下行动",
      "对调查者保持单向联系"
    ],
    "relationship_matrix": {
      "npc_002": {
        "address_as": "苏记者",
        "attitude": "信任其职业操守与勇气，是揭露真相的希望，但也担忧其安全"
      },
      "npc_003": {
        "address_as": "张瑞峰",
        "attitude": "极度憎恶与恐惧，视其为贪婪、危险且毫无底线的犯罪者"
      },
      "npc_004": {
        "address_as": "李婉",
        "attitude": "视为张瑞峰的冷酷帮凶，擅长用合法外衣掩盖罪行，极具威胁"
      }
    },
    "possessions": [
      "加密U盘（已转交苏晴雨）",
      "用于匿名联系的设备",
      "可能持有的原始数据副本"
    ],
    "current_appearance": "文本未直接描述。推断为普通装束，可能有意遮掩面部特征，在传递信息时处于隐蔽或不易被追踪的环境中。",
    "voice_samples": [
      "（通过加密文件或间接渠道传递信息，文中无直接台词）"
    ]
  },
  "changes": null,
  "changed_by": "genesis_import"
}