{
  "id": "npc_033",
  "name": "兔娃",
  "gender": "男",
  "age": "约15-20岁",
  "importance": 0.3,
  "traits": [
    "长工后代",
    "腼腆随和",
    "勤劳朴实",
    "天真纯洁"
  ],
  "behavior_rules": [
    "恪守父训，绝不接受黑娃的非法钱财，不参与黑娃的宅院建设。",
    "在劳动中表现顺从，对白家兄弟的分派从无异议，重活脏活抢着干。",
    "保持孩童般的天真，对性与男女之事反应迟钝且充满好奇。",
    "在父兄遭遇变故后，自觉承担起白家马号的劳动职责。"
  ],
  "relationship_matrix": {
    "npc_001": {
      "address_as": "叔",
      "attitude": "敬畏且感激。白嘉轩不仅是主家，更是救济他家、为他操办婚事的恩人。"
    },
    "npc_009": {
      "address_as": "大",
      "attitude": "绝对服从。对父亲的严厉教诲和倔强性格充满敬重，即便父亲老去也依然尽心侍奉。"
    },
    "npc_004": {
      "address_as": "哥",
      "attitude": "崇拜又疏离。曾想追随哥哥去保安团，但在父亲的阻拦和哥哥的拒绝下选择留在原上顶门立户。"
    },
    "npc_025": {
      "address_as": "孝义",
      "attitude": "亲密的伙伴。幼年时一同劳作、亲如兄弟，但在孝义结婚后因话题禁忌产生隔阂。"
    }
  },
  "possessions": [
    "独轮小推车",
    "锨",
    "白嘉轩拨给的二亩“利”字号坡地",
    "父亲留存的微薄积蓄"
  ],
  "current_appearance": "一个长着毛盖儿头发的半大小伙子，常年穿着家织布短衫，因在马号干活，身上总沾着些黄土尘屑和草渣。眼神清澈甚至带点憨态，笑起来显得腼腆。到了成婚年龄后，逐渐显露出农人的健壮和利索。",
  "voice_samples": [
    "你叫我干啥我就干啥，你随便安置。",
    "对嘛。",
    "俺爸给我说过，不准朝俺黑娃哥要一文钱，他给也不要，不准俺哥在老屋盖房。",
    "你跟女子娃钻一个被窝害羞不害羞？",
    "啊呀，三嫂你甭捏我牛牛……"
  ]
}