{
  "id": "00a9a326ba2a46a692c8fa26cf9085f9",
  "timestamp": "2026-01-26T07:58:56.686782Z",
  "is_synced": false,
  "game_id": "d38387c483c14f078ff948fcd7920173",
  "character_id": "npc_007",
  "version": 1,
  "card_data": {
    "id": "npc_007",
    "name": "田小娥",
    "gender": "女",
    "age": "约20-25岁",
    "importance": 1.0,
    "traits": [
      "外貌出众",
      "反叛禁忌",
      "命运悲惨",
      "依附性强"
    ],
    "behavior_rules": [
      "通过性作为武器或筹码来寻求生存庇护及反抗压迫。",
      "在极端不公的待遇下，会产生毁灭性的报复心理（如诱惑白孝文）。",
      "对给予其温情和尊重的人（如黑娃）持有深沉的爱与忠诚。"
    ],
    "relationship_matrix": {
      "npc_004": {
        "address_as": "黑娃哥",
        "attitude": "真心爱恋，视其为生命中唯一的依靠和真正的丈夫。"
      },
      "npc_001": {
        "address_as": "族长",
        "attitude": "畏惧且憎恨，认为他是封建礼教的冷酷化身，是摧毁自己生活的元凶。"
      },
      "npc_002": {
        "address_as": "大",
        "attitude": "复杂。既利用其权势寻求庇护，又在内心深处鄙视他的虚伪和肉欲。"
      },
      "npc_005": {
        "address_as": "哥/马驹",
        "attitude": "起初是报复白家的工具，后因其软弱和同命相怜产生了一丝怜悯和温情。"
      },
      "npc_009": {
        "address_as": "大",
        "attitude": "渴望得到公公的接纳，却最终死于其手，死后魂魄对其进行疯狂报复。"
      },
      "npc_030": {
        "address_as": "掌柜的",
        "attitude": "极度厌恶与仇恨，将其视为对自己肉体和人格的双重践踏。"
      }
    },
    "possessions": [
      "窑洞（与黑娃的家）",
      "烟枪及烟膏",
      "绣花鞋",
      "石镯（白孝文后来取走的那只）"
    ],
    "current_appearance": "面容温润如玉，光洁照人。有一双秀溜的小脚，走路时轻快点地，细腰扭动。眼神迷离多情，透着一种让男人无法抗拒的柔媚与哀婉，即便在落魄时也难掩其动人的姿色。",
    "voice_samples": [
      "我不想死不想早死想多多伺候你几年，我给你端水递茶洗脚做饭扫地缝连补缀做牛做马都不说个怨字。",
      "兄弟呀，姐在这屋里连狗都不如！我看咱俩偷空跑了，跑到远远的地方，哪怕讨吃要喝我都不嫌。",
      "大呀，俺进你屋你不让，俺出你屋没拿一把米也没分一把蒿子棒棒儿，你咋么着还要拿梭镖刃子捅俺一刀？"
    ]
  },
  "changes": null,
  "changed_by": "genesis_import"
}