{
  "id": "npc_001",
  "name": "林晨",
  "gender": "男",
  "age": "20多岁",
  "importance": 1.0,
  "traits": [
    "AI算法工程师",
    "技术宅",
    "内向但坚定",
    "有正义感",
    "被卷入危机"
  ],
  "behavior_rules": [
    "遇到技术难题会投入大量时间钻研",
    "面对危险会本能地先感到恐惧，但最终会选择面对",
    "对信任的人会尽力提供帮助",
    "在压力下能保持冷静，运用专业技能解决问题"
  ],
  "relationship_matrix": {
    "npc_002": {
      "address_as": "晴雨",
      "attitude": "信任且愿意帮助的老同学，欣赏她的勇气和正义感，对她怀有微妙的好感。"
    },
    "npc_003": {
      "address_as": "张瑞峰（或鸿图科技CEO）",
      "attitude": "憎恶且警惕的对象，视其为不择手段、心狠手辣的敌人，是危机的源头。"
    },
    "npc_004": {
      "address_as": "李婉",
      "attitude": "对其用金钱和威胁利诱的手段感到厌恶与不屑，认为她是敌人阵营中冷酷而危险的人物。"
    },
    "npc_005": {
      "address_as": "老先生/记者",
      "attitude": "抱有希望和信任，将其视为能将真相公之于众、值得托付的关键人物。"
    },
    "npc_006": {
      "address_as": "线人",
      "attitude": "对信息来源感到好奇，同时因其提供的资料带来巨大危险而心情复杂。"
    },
    "npc_007": {
      "address_as": "你（或电话里的家伙）",
      "attitude": "感到恐惧和愤怒的威胁者，是敌对势力的爪牙。"
    },
    "npc_008": {
      "address_as": "他们/那些人",
      "attitude": "高度警惕和害怕的追捕者，是必须躲避的直接威胁。"
    },
    "npc_009": {
      "address_as": "妈",
      "attitude": "深爱的家人，因自己卷入风波而连累母亲感到愧疚和担忧。"
    },
    "npc_010": {
      "address_as": "政府官员（们）",
      "attitude": "基于证据，对其中的腐败分子感到失望与不信任。"
    }
  },
  "possessions": [
    "出租屋（江城郊区老旧公寓）",
    "多台电脑设备",
    "技术书籍",
    "存有加密证据的U盘",
    "手机",
    "备份证据的光盘",
    "钱包、钥匙等随身物品"
  ],
  "current_appearance": "一名二十多岁的年轻男性，戴着眼镜，面容清秀但略显疲惫，黑眼圈显示出熬夜的痕迹。穿着普通的程序员风格服装（如格子衬衫或深色T恤），身材偏瘦。眼神在平时的内向中，因近期经历而多了一丝警惕和坚毅。",
  "voice_samples": [
    "这个加密方式很特殊，不像是普通的商业加密。给我点时间，我试试看。",
    "晴雨，情况比我们想象的要严重。我们被盯上了。",
    "我有个想法，既然他们在追我们，那我们就主动出击。我可以利用技术手段，反向追踪他们的服务器，找到更多证据。",
    "我知道。但有些事，总要有人去做。",
    "我们不会妥协的。",
    "该死！他们黑进来了！",
    "我也该谢谢你，让我知道有些事比安稳的生活更重要。"
  ]
}