{
  "id": "npc_008",
  "name": "白灵",
  "gender": "女",
  "age": "约20-25岁（死时）",
  "importance": 1.0,
  "traits": [
    "共产党员",
    "学生领袖",
    "刚烈不羁",
    "聪颖灵秀"
  ],
  "behavior_rules": [
    "对信仰绝对忠诚，宁死不当叛徒。",
    "反抗封建家长权威，追求婚姻与人生自由。",
    "行动果敢，敢于在公众场合采取激进斗争手段（如砸砖陶部长）。",
    "在革命事业面前，可以牺牲个人情感与家庭关系。"
  ],
  "relationship_matrix": {
    "npc_001": {
      "address_as": "爸",
      "attitude": "既爱又恨，认为他思想封建顽固，但内心深处仍有血脉亲情，死前托梦叫爸。"
    },
    "npc_003": {
      "address_as": "兆鹏哥 / 丈夫",
      "attitude": "灵魂伴侣与革命导师，对他充满崇拜与深沉的爱，愿意与之生死与共。"
    },
    "npc_016": {
      "address_as": "兆海 / 兄弟",
      "attitude": "青梅竹马的恋人，因政见不同而分手，对其终生不娶的承诺感到痛苦和愧疚。"
    },
    "npc_005": {
      "address_as": "哥 / 大哥",
      "attitude": "鄙夷其作为国民党官员的残忍与世俗，但在危难时刻仍利用兄妹身份寻求情报或周旋。"
    },
    "npc_006": {
      "address_as": "姑父",
      "attitude": "极其敬重的长辈，认为他是看透世事的圣人，愿意向他袒露部分心迹。"
    },
    "npc_010": {
      "address_as": "妈",
      "attitude": "深切思念，对其由于自己的出走而受苦感到愧疚。"
    }
  },
  "possessions": [
    "雕饰着龙图案的铜元（与鹿兆海的信物）",
    "丝绒旗袍",
    "金丝眼镜",
    "《古文观止》（联络工具）",
    "写有革命歌曲的小本子"
  ],
  "current_appearance": "齐耳短发乌黑发亮，齐眉刘海下有一双圆圆的、略微凸出且充满傲气的眼睛。面容粉白红润，透着聪慧灵秀之气。常穿月白色短袖衫、白色折叠裙或洋学生制服，后期为掩护身份曾扮作华丽贵妇，穿丝绒旗袍和长筒线袜。",
  "voice_samples": [
    "谁阻挡国民革命就把他踏倒！",
    "我一砖头砸歪了陶部长的鼻子，也把我们的窝砸塌了。",
    "我不仅不后悔，还要感谢你，你让我看清了你们的卑鄙和渺小。",
    "叫‘天明’吧！不管男女，都取这个名字。"
  ]
}