{

    大部分都由用户自定义
    // ==========================================
    // 1. 基础元数据 (Meta Info)
    // ==========================================
    "id": "用户唯一id(0)",       // [String] 唯一标识符 把0分配给用户
    "name": "角色真名",          // [String] 用户自定义的名称
    "gender": "性别",            // [String] 用户自定义的性别
    "age": "年龄描述",           // [String] 用户自定义：允许模糊描述 (如: "25岁", "外表12岁实际千岁", "未知")

  
    // ==========================================
    // 2. 核心特质与逻辑 (Core Identity)
    // ==========================================

    // ==========================================
    // 3. 社交矩阵 (Relationship Matrix)
    // ==========================================
    // 定义该角色"眼中的别人"。key 为目标角色的 id (或 'user')
    "relationship_matrix": {
      "npc_001": {
        "address_as": "称呼",
        "relationship": "关系描述",   
        "attitude": "态度摘要",  // [String] 简述关系基调 (如: "表面恭敬实则提防")
      },
      "npc_002": {
        "address_as": "老张",
        "relationship": "关系描述",
        "attitude": "信任",
      }
    },
  
    // ==========================================
    // 4. 资产与外观 (Assets & Visuals)
    // ==========================================
    "possessions": [             // [List<String>] 关键持有物
      "物品名称"                 // 当前场景中身上携带的物品
      "物品名称"                 
      "物品名称"                 // 资产（银行账户、房地产等）
    ],
  
    "current_appearance": "外观描述"

}

