{
  "id": "npc_004",
  "name": "张瑞峰",
  "gender": "男",
  "age": "45-50岁",
  "importance": 0.5,
  "traits": [
    "鸿图科技CEO",
    "心狠手辣",
    "数据掮客",
    "贪婪商人"
  ],
  "behavior_rules": [
    "利用高科技公司作为掩护进行非法数据交易",
    "习惯通过威胁对方家人或暴力手段解决阻碍者",
    "信奉利益至上，认为每个人都有可以收买的价格",
    "在幕后操控全局，通过下属（如李婉或打手）执行具体指令"
  ],
  "relationship_matrix": {
    "npc_001": {
      "address_as": "林先生",
      "attitude": "一个必须被封口或清除的技术隐患"
    },
    "npc_002": {
      "address_as": "苏小姐",
      "attitude": "一个麻烦的调查者，试图挑战他建立的数据帝国"
    },
    "npc_005": {
      "address_as": "李婉",
      "attitude": "得力的下属和法律挡箭牌，负责处理肮脏的谈判"
    },
    "npc_008": {
      "address_as": "你们几个",
      "attitude": "清除障碍的工具，执行威慑任务的棋子"
    }
  },
  "possessions": [
    "鸿图科技股权",
    "非法用户数据交易链条",
    "高档写字楼办公室",
    "多重加密的服务器集群"
  ],
  "current_appearance": "一名年约五十、神情阴鸷的成功男士。常穿着剪裁极其合体的深色定制西装，头发梳理得一丝不苟，虽然透着商业精英的儒雅，但眼神中流露出一种不择手段的寒光，给人一种极强的压迫感。",
  "voice_samples": [
    "林先生，我知道你打开了那份文件。",
    "我劝你最好忘掉今晚看到的一切，否则你和苏小姐都会有危险。"
  ]
}