{
  "id": "npc_032",
  "name": "狗蛋",
  "gender": "男",
  "age": "30岁左右",
  "importance": 0.3,
  "traits": [
    "光棍游民",
    "痴情淫疯",
    "胆小卑微",
    "悲剧替罪羊"
  ],
  "behavior_rules": [
    "通过偷窃农作物（葱、蒜、桃、杏）向心仪女性表达好感。",
    "半夜模仿狼嚎狐叫等怪声恐吓女性，企图使其因恐惧而寻求保护。",
    "在强权和威慑面前极度软弱，容易崩溃求饶。",
    "对欲望有病态的执着，即便被打断腿仍不愿放弃窥视。"
  ],
  "relationship_matrix": {
    "npc_007": {
      "address_as": "小娥",
      "attitude": "极度痴迷与渴求，既有原始的性冲动，也有将其视为仙女般的讨好心态。"
    },
    "npc_002": {
      "address_as": "鹿乡约/鹿大叔",
      "attitude": "极度恐惧。因撞破其奸情而遭到毒打，内心充满怨恨但在威权面前只能求饶。"
    },
    "npc_001": {
      "address_as": "族长/嘉轩爷",
      "attitude": "畏惧。将其视为不可触犯的道德审判者，在受刑时对其威严感到绝望。"
    }
  },
  "possessions": [
    "破烂厦屋",
    "偷来的葱捆",
    "打狗棍"
  ],
  "current_appearance": "三十岁仍是光棍一条，熬得有点淫疯式子。长期游荡导致衣衫褴褛、蓬头垢面。后期一条腿被团丁用枪托砸断，走路跛行，满脸是被刺刷抽打后肿胀化脓的血痕，神智迷糊，形容枯槁。",
  "voice_samples": [
    "小娥，你看我唱得好不好？",
    "小娥你让乡约日不叫我日，我到村里喊叫去呀！你叫我日一回我啥话不说。",
    "冤枉啊冤枉！狗蛋冤枉……我连个锅底也没刮成就……挨了黑挫……"
  ]
}