{
  "id": "a805a87433eb4aa4af44e6ca6fe00f53",
  "timestamp": "2026-01-26T08:37:05.635181Z",
  "is_synced": false,
  "game_id": "e025fba405294779af2644bf0f3ae0aa",
  "character_id": "user",
  "version": 1,
  "card_data": {
    "id": "user",
    "name": "Traveler",
    "gender": "未知",
    "age": "未知",
    "importance": 0.8,
    "traits": [
      "由玩家实时展现"
    ],
    "behavior_rules": [
      "遵从玩家实时选择"
    ],
    "relationship_matrix": {},
    "possessions": [],
    "current_appearance": "",
    "voice_samples": [],
    "background": "",
    "motivation": "",
    "personality": "",
    "skills": [],
    "is_player": true
  },
  "changes": null,
  "changed_by": "genesis_import"
}