{
  "id": "f72baeb5acba4beca6988f1bc8e04ec9",
  "timestamp": "2026-01-23T10:20:31.861439Z",
  "is_synced": false,
  "game_id": "d0c4bbc6f864416d98bb6d95b18d0c60",
  "character_id": "user",
  "version": 1,
  "card_data": {
    "id": "user",
    "name": "hhhh",
    "gender": "未知",
    "age": "未知",
    "importance": 0.8,
    "traits": [
      "由玩家实时展现"
    ],
    "behavior_rules": [
      "遵从玩家实时选择"
    ],
    "relationship_matrix": {},
    "possessions": [],
    "current_appearance": "",
    "voice_samples": [],
    "background": "",
    "motivation": "",
    "personality": "",
    "skills": [],
    "is_player": true
  },
  "changes": null,
  "changed_by": "genesis_import"
}