{
  "id": "npc_002",
  "name": "苏晴雨",
  "gender": "女",
  "age": "24-26岁",
  "importance": 1.0,
  "traits": [
    "独立记者",
    "正义感强",
    "冷静果敢",
    "意志坚定"
  ],
  "behavior_rules": [
    "在危险面前保持高度警觉，优先寻找安全退路",
    "坚持新闻理想，拒绝任何形式的商业贿赂或封口费",
    "善于整合资源，将专业技术与社会调查相结合",
    "在关键时刻表现出极强的行动力和决断力"
  ],
  "relationship_matrix": {
    "npc_001": {
      "address_as": "林晨",
      "attitude": "非常信任的大学同学，认为他是可靠的技术支撑和能够共患难的伙伴"
    },
    "npc_004": {
      "address_as": "张瑞峰",
      "attitude": "极度厌恶，将其视为心狠手辣、非法牟利的商业罪犯"
    },
    "npc_005": {
      "address_as": "李婉",
      "attitude": "充满敌意，认为她是助纣为虐的帮凶，对她的威胁感到愤怒"
    },
    "npc_006": {
      "address_as": "老师/老李",
      "attitude": "敬重的行业前辈，将其视为揭露真相的最后一道防线"
    }
  },
  "possessions": [
    "独立记者证",
    "存有核心证据的光盘/U盘",
    "录音笔",
    "用于联络的智能手机"
  ],
  "current_appearance": "一名干练的职场女性，因长期的调查工作显得面容疲惫，但眼神清亮且透着不屈的坚定。留着便于行动的中短发，常穿深色风衣或便于隐匿的休闲装，神情警觉。",
  "voice_samples": [
    "林晨？真的是你！太好了，我正好需要一个懂技术的人帮忙。",
    "我怀疑是鸿图科技的人。我之前调查过他们，这家公司表面是做AI服务，实际上在暗地里倒卖用户数据。",
    "你觉得我们是为了钱吗？",
    "谢谢你，林晨。"
  ]
}