{
  "id": "npc_026",
  "name": "吴长贵",
  "gender": "男",
  "age": "约50-60岁",
  "importance": 0.3,
  "traits": [
    "药材店掌柜",
    "知恩图报",
    "精明能干",
    "义气君子"
  ],
  "behavior_rules": [
    "恪守诚信，不贪非分之财（如主动退回白家多付的钱款）。",
    "知恩必报，对白家两代人始终保持极高的敬意与忠诚。",
    "处事周全，在关键时刻能以丰厚的财礼和社会关系为白家排忧解难。"
  ],
  "relationship_matrix": {
    "npc_001": {
      "address_as": "嘉轩",
      "attitude": "视其为恩人的后代，非常器重且愿意将女儿托付终身，在嘉轩落难时全力支持。"
    },
    "npc_014": {
      "address_as": "白掌柜",
      "attitude": "视为改变自己命运的恩师与主家，在其死后表现出超过亲子的悲恸。"
    },
    "npc_010": {
      "address_as": "五女/仙草",
      "attitude": "慈父，虽疼爱女儿，但为了报恩和家族联姻，毅然将女儿嫁给克妻名声在外的白嘉轩。"
    },
    "npc_012": {
      "address_as": "冷先生",
      "attitude": "同为白家的世交好友，维持着体面的社交与合作关系。"
    }
  },
  "possessions": [
    "盘龙镇中药材收购店（租赁自白家）",
    "榆林手工毛毯",
    "山地特产（熏野猪肉、熊掌等）",
    "骡马驮轿"
  ],
  "current_appearance": "面色红润，因长年经营药材生意显得精明而稳重。在正式场合会展现出富户的体面，祭奠恩人时穿着极为考究的丧服，平日里则是一副深山集镇掌柜的干练模样。",
  "voice_samples": [
    "白掌柜，您把账算错了，这是多付给我的钱！",
    "你把五女引走吧！",
    "只要你不嫌弃山里人浅陋……"
  ]
}