{
  "id": "d8059bf6c7754467a7bfe2dea9d00b3f",
  "timestamp": "2026-01-23T07:08:22.808218Z",
  "is_synced": false,
  "game_id": "0be9a61bac7940f2925b2bfc76206251",
  "character_id": "user",
  "version": 1,
  "card_data": {
    "id": "user",
    "name": "Player",
    "gender": "未知",
    "age": "未知",
    "importance": 0.8,
    "traits": [
      "由玩家实时展现"
    ],
    "behavior_rules": [
      "遵从玩家实时选择"
    ],
    "relationship_matrix": {},
    "possessions": [],
    "current_appearance": "",
    "voice_samples": [],
    "background": "",
    "motivation": "",
    "personality": "",
    "skills": [],
    "is_player": true
  },
  "changes": null,
  "changed_by": "genesis_import"
}