{
  "id": "npc_019",
  "name": "高玉凤",
  "gender": "女",
  "age": "20岁左右",
  "importance": 0.5,
  "traits": [
    "书香门第",
    "识书达理",
    "沉稳冷静",
    "贤良淑德"
  ],
  "behavior_rules": [
    "遵循传统礼教，婚后以丈夫为重，悉心照料家务。",
    "通过知识和文化影响他人，引导丈夫黑娃读书修身。",
    "处事有分寸，既能保持温柔体贴，又能在关键时刻表现出坚定和原则。",
    "不计较过去，更注重当下的生活和未来的修养。"
  ],
  "relationship_matrix": {
    "npc_004": {
      "address_as": "当家的",
      "attitude": "真心爱慕并敬重黑娃，不仅是他的妻子，更是他精神上的导师，希望辅佐他脱胎换骨成为好人。"
    },
    "npc_005": {
      "address_as": "白营长",
      "attitude": "对白孝文持有礼貌性的客气，感激其做媒，但内心对他复杂的城府保持着一种本能的谨慎。"
    },
    "npc_006": {
      "address_as": "朱先生",
      "attitude": "对朱先生极其崇敬，将其视为精神领袖和真正的圣人，支持黑娃拜其为师。"
    },
    "npc_009": {
      "address_as": "大",
      "attitude": "对公公鹿三尽到儿媳的孝道，虽然鹿三态度冷淡，她依然保持恭敬，体恤老人的不易。"
    }
  },
  "possessions": [
    "四书五经等古籍",
    "绿色翡翠骨朵发簪",
    "墨绿色褶裙",
    "红色缎面夹袄"
  ],
  "current_appearance": "乌黑的头发绾成一个硕大的发髻，上面插着一枚绿色翡翠骨朵；单薄的眼皮下是一双沉静的黑眼珠；挺直而秀气的鼻梁；薄厚适度的嘴唇显示出自信沉稳。身着红夹袄与墨绿色褶裙，气质儒雅不俗。",
  "voice_samples": [
    "我只说从今往后，不说今日以前。",
    "你把我抱到炕上去……",
    "甭忘了你是丈夫，我要是当了你的先生就没有丈夫了，你在外边拜师去。"
  ]
}