{
  "id": "b3dad68f00f94d09b0b1e8895a69c84e",
  "timestamp": "2025-12-31T08:39:08.279628Z",
  "is_synced": false,
  "game_id": "0ef0028ca7e44142bb8cd1c765a05a4f",
  "character_id": "npc_011",
  "version": 1,
  "card_data": {
    "id": "npc_011",
    "name": "政府官员",
    "gender": "男",
    "age": "45-55岁",
    "importance": 0.1,
    "traits": [
      "腐败分子",
      "利益勾结",
      "位高权重",
      "隐蔽谨慎"
    ],
    "behavior_rules": [
      "与鸿图科技等企业进行秘密交易",
      "利用职权为不法行为提供庇护",
      "行事极为隐蔽，通过邮件等非直接方式联系",
      "对暴露风险极度敏感，会迅速切割或施压"
    ],
    "relationship_matrix": {
      "npc_001": {
        "address_as": "那个技术员",
        "attitude": "不知天高地厚的麻烦制造者，必须尽快解决掉"
      },
      "npc_002": {
        "address_as": "那个女记者",
        "attitude": "多管闲事的搅局者，她的调查已经触及了不该碰的领域"
      },
      "npc_003": {
        "address_as": "张总",
        "attitude": "有用的合作伙伴，但也是随时可能引爆的定时炸弹，必要时可以舍弃"
      },
      "npc_004": {
        "address_as": "李总监",
        "attitude": "可靠的中间人和执行者，懂得如何处理脏活"
      }
    },
    "possessions": [
      "政府配车（黑色轿车）",
      "加密的通讯设备",
      "与鸿图科技往来的秘密邮件记录",
      "可能的不明来源资产"
    ],
    "current_appearance": "未见详细外貌描写。推断为身穿深色行政夹克或西装，面容严肃，眼神带有长期身处权力中心形成的威严与一丝不易察觉的警惕。",
    "voice_samples": []
  },
  "changes": null,
  "changed_by": "genesis_import"
}