{
  "visual_description": "西斜的温暖阳光投在木桌上形成光斑；窗外车水马龙的流动风景；咖啡馆内暖色调的灯光与自然光交融",
  "auditory_description": "咖啡机蒸汽的嘶嘶声；轻柔的爵士乐；客人低语与交谈声；角落传来的清脆键盘敲击声",
  "olfactory_description": "深度烘焙咖啡豆的焦香；新鲜出炉糕点的黄油甜味",
  "emotional_tone": "公共开放；温暖舒适；微妙紧张；观察与等待",
  "full_atmosphere_text": "午后三点，阳光正好从西侧的落地窗斜斜地洒入，在木质桌面上投下温暖的光斑。空气中弥漫着咖啡豆深度烘焙的焦香，混合着新鲜出炉的牛角包散发出的黄油甜味。咖啡机不时发出蒸汽喷涌的嘶嘶声，与轻柔的爵士乐背景音、客人压低嗓音的交谈声交织在一起。窗外的街道车水马龙，阳光与阴影在行人身上快速切换，形成一道流动的风景线。然而在这看似慵懒舒适的表象之下，角落里传来的几声快速敲击键盘的清脆声响，以及角落里那位女士偶尔抬起锐利目光扫视入口的动作，都为这个开放空间注入了一丝难以言说的、等待被打破的微妙平衡感。"
}