{
  "id": "7fba89853f5c42e3b9c459836155b873",
  "timestamp": "2026-01-23T08:56:26.746586Z",
  "is_synced": false,
  "game_id": "49f937b945ce459fbb886b1c89f77a95",
  "character_id": "npc_009",
  "version": 1,
  "card_data": {
    "id": "npc_009",
    "name": "林晨的母亲",
    "gender": "女",
    "age": "50余岁",
    "importance": 0.1,
    "traits": [
      "普通市民",
      "牵挂儿子的母亲",
      "居住外地",
      "警觉性一般"
    ],
    "behavior_rules": [
      "牵挂儿子安危",
      "察觉异常会第一时间联系儿子",
      "生活圈子简单"
    ],
    "relationship_matrix": {
      "npc_001": {
        "address_as": "儿子/晨晨",
        "attitude": "担忧、心疼，希望儿子平安健康，不希望他卷入危险"
      },
      "npc_002": {
        "address_as": "苏小姐/晴雨",
        "attitude": "感激（可能帮助过儿子），但也因儿子卷入危险而对其有复杂情绪"
      },
      "npc_003": {
        "address_as": "张总/那个人",
        "attitude": "恐惧、憎恨，认为是威胁儿子安全的恶人"
      }
    },
    "possessions": [
      "手机",
      "老家房产",
      "日常家居用品"
    ],
    "current_appearance": "一位面容慈祥但此刻眉头紧锁的中年妇女，穿着朴素的居家服，手里紧紧握着手机，眼神中充满担忧和不安。",
    "voice_samples": [
      "（电话中）晨晨，最近老家附近好像总有陌生人在转悠，你没事吧？"
    ]
  },
  "changes": null,
  "changed_by": "genesis_import"
}