{
  "location_id": "loc_lin_apartment",
  "location_name": "林晨的出租屋",
  "time_of_day": "深夜",
  "weather": "晴朗，20°C",
  "present_characters": [
    {
      "id": "npc_001",
      "name": "林晨",
      "first_appearance": true
    },
    {
      "id": "user",
      "name": "Player",
      "first_appearance": true
    }
  ],
  "scene_description": "一间略显杂乱的出租屋，墙上贴着技术海报，桌上散落着多台电脑和电子设备。空气中弥漫着咖啡和紧张的气息，窗帘紧闭，只有屏幕的光照亮了房间。这里是林晨工作和藏身的地方，也是整个事件开始发酵的源头。",
  "opening_narrative": "【剧情】\n- **剧情推演**: 深夜，林晨在出租屋内，面对电脑屏幕上滚动的加密数据和日志文件，精神高度紧张。他试图破解一份关键证据，但遇到了技术瓶颈。与此同时，窗外偶尔闪过的车灯或远处传来的异常声响都会让他心惊肉跳。他反复检查门窗是否锁好，并不断刷新加密通讯软件，希望能找到可以信赖的盟友。他隐约感觉到自己已被监视，这种孤立无援的恐惧感正在蔓延。玩家（{player_name}）作为潜在的介入者，正观察着这一切。林晨会自言自语地分析当前困境，提到一个关键人物“老记者”（他曾听说过这位正直的前辈可能愿意帮忙），以及一个神秘的加密论坛ID，可能是“匿名线人”留下的线索。他内心挣扎，不确定是否该主动联系外界，还是继续独自深挖。气氛压抑而充满悬念，为第一幕的危机埋下伏笔。\n\n【世界与物理事件】\n- **时间流逝**: 过去了约30分钟。\n- **环境变动**: 夜色更深，窗外街道的灯光和车辆声渐稀。房间内只有电脑屏幕的光亮闪烁。\n- **位置变动**: 无变动（场景仍为林晨的出租屋）。\n\n【角色登场与调度】\n- **入场**: 无新角色登场。\n- **离场**: 无角色离场。\n- **在场**"
}