{
  "id": "npc_035",
  "name": "廖军长",
  "gender": "男",
  "age": "约40-50岁",
  "importance": 0.3,
  "traits": [
    "红军高级将领",
    "黄埔军校毕业生",
    "陕北硬汉",
    "作战骁勇",
    "儒将气质"
  ],
  "behavior_rules": [
    "坚持党指挥枪，尊重政委的政治领导，即便在军事意见上有分歧也会选择妥协以维持团结。",
    "爱兵如子，在危急时刻命令警卫排全部上阵，自己冲在最前线。",
    "为人豁达幽默，喜欢开玩笑，即便在严峻的战争环境下也能保持乐观。",
    "对出身背景并不介意，不问出身只看人品，对黑娃、鹿兆鹏等同志极度信任。"
  ],
  "relationship_matrix": {
    "npc_003": {
      "address_as": "鹿副政委",
      "attitude": "极其器重其才华，视为可以托付性命的革命战友，同时也因其是“大地方来的娃娃”而常开玩笑。"
    },
    "npc_004": {
      "address_as": "黑娃",
      "attitude": "视为最忠诚可靠的铁哥们和贴身保镖，赞赏其“三只眼”的机敏，甚至想为其做媒。"
    }
  },
  "possessions": [
    "机枪 (临终时仍紧紧抱着)",
    "军马",
    "望远镜",
    "黄埔军校毕业证 (象征其正规出身)"
  ],
  "current_appearance": "典型的陕北俊男子脸型，四方脸盘，短而直的鼻梁，方形下巴，前额突出但并不显笨拙。双眼深邃如石崖下的深涧，神态中既有匈奴蒙古后裔的豪勇精悍，又不失黄埔毕业生的儒雅。常穿一身五花八门的红军军服，作战时英姿飒爽。",
  "voice_samples": [
    "大地方娃娃到沟岔里来，习惯不习惯？",
    "我也记着你的小名，我不好意思再叫！",
    "我习某并不重要，死一个死十个都不重要。可在眼下这要紧弦上我很重要，千万不能给人拿黑枪打了。",
    "我现在已经不重要了，重要的是这场仗。黑娃你不是有三只眼吗？把三只眼都盯紧大哥的黑心窝打！"
  ]
}