{
  "id": "01afa458d2eb428ebed6ada9f87bb48c",
  "timestamp": "2026-01-26T07:58:57.161267Z",
  "is_synced": false,
  "game_id": "d38387c483c14f078ff948fcd7920173",
  "character_id": "npc_043",
  "version": 1,
  "card_data": {
    "id": "npc_043",
    "name": "张总督",
    "gender": "男",
    "age": "中年",
    "importance": 0.1,
    "traits": [
      "辛亥元勋",
      "开明将领",
      "求贤若渴",
      "不拘小节"
    ],
    "behavior_rules": [
      "推崇民主政治，致力于革除封建弊政。",
      "尊重文人贤达，对有才德者礼遇有加。",
      "在关键政治博弈中善于借重名士声望来平息战火。",
      "虽身居高位，但待人接物保留有江湖豪气与亲昵感。"
    ],
    "relationship_matrix": {
      "npc_006": {
        "address_as": "朱先生",
        "attitude": "将其视为拯救关中免于战火的圣人，对其学识和风骨极度推崇，甚至不惜亲自“三顾茅庐”。"
      },
      "npc_042": {
        "address_as": "方巡抚",
        "attitude": "昔日的政敌，对其忠于清廷的固执表示无奈，但仍希望通过朱先生劝其退兵以保全西安百姓。"
      },
      "npc_003": {
        "address_as": "鹿兆鹏同志",
        "attitude": "认可其革命热情和农运能力，委以重任，曾与其一同在白鹿仓庆典上公开展示国共合作姿态。"
      }
    },
    "possessions": [
      "总督府邸",
      "小汽车",
      "少将军服",
      "委任状与手谕"
    ],
    "current_appearance": "身着威武的戎装，腰间挎着短枪，方脸盘，神情果敢而透着一股新派军人的干练，虽身居总督高位却仍保留着关中汉子的粗犷与亲和力。",
    "voice_samples": [
      "先生你是腿上的肉虫儿不得死了？放着汽车不坐硬走路！",
      "我真怕你不来哩！正准备三顾茅庐，我亲自去你的书院哩。",
      "我代表免遭屠城的三秦父老向先生一拜。"
    ]
  },
  "changes": null,
  "changed_by": "genesis_import"
}