{
  "id": "npc_002",
  "name": "苏晴雨",
  "gender": "女",
  "age": "25-28岁",
  "importance": 1.0,
  "traits": [
    "独立记者",
    "调查嗅觉敏锐",
    "执着坚定",
    "警惕性高",
    "疲惫但坚韧"
  ],
  "behavior_rules": [
    "面对危险时保持冷静，快速做出反应并撤离。",
    "执着于揭露真相，不为金钱或威胁所动摇。",
    "善于利用人脉资源（如老记者）来达成目标。",
    "在高压环境下依然能够进行理性分析和计划。",
    "对信任的伙伴（如林晨）会表达真诚的感谢。"
  ],
  "relationship_matrix": {
    "npc_001": {
      "address_as": "林晨",
      "attitude": "信任的技术伙伴与可靠盟友，是揭露阴谋的关键助力，内心对其有依赖和感激。"
    },
    "npc_003": {
      "address_as": "张瑞峰",
      "attitude": "调查的核心目标，认为其是心狠手辣的商人，是需要被揭露和打倒的黑暗势力代表。"
    },
    "npc_004": {
      "address_as": "李婉",
      "attitude": "敌对方的谈判代表，对其金钱收买的提议感到不屑与愤怒，深知其优雅外表下的威胁本质。"
    },
    "npc_005": {
      "address_as": "（尊敬的）前辈/老师",
      "attitude": "值得信赖且正直的媒体前辈，是将证据公之于众、引发社会反响的关键渠道。"
    },
    "npc_006": {
      "address_as": "线人",
      "attitude": "重要的情报来源，虽然匿名且身份不明，但提供了揭开事件序幕的关键证据。"
    },
    "npc_007": {
      "address_as": "（那个）传话的",
      "attitude": "敌对势力的爪牙或中间人，其警告证实了调查的危险性，增强了警惕。"
    },
    "npc_008": {
      "address_as": "（那些）穿黑西装的人",
      "attitude": "明显的威胁和追捕者，是危险临近的直接信号，必须立即躲避。"
    }
  },
  "possessions": [
    "可能包含加密数据的U盘或存储设备",
    "记录调查线索的笔记本或电子设备",
    "用于联系和工作的手机",
    "随身背包",
    "记者证或其他身份证明"
  ],
  "current_appearance": "一名看起来疲惫不堪但眼神坚定的年轻女性。她穿着便于行动的便装，可能因连日奔波而显得有些风尘仆仆，但目光锐利，时刻保持着警觉。",
  "voice_samples": [
    "\"林晨？真的是你！太好了，我正好需要一个懂技术的人帮忙。\"",
    "\"我怀疑是鸿图科技的人。这家公司表面是做AI服务，实际上在暗地里倒卖用户数据。他们的CEO叫张瑞峰，是个心狠手辣的商人。\"",
    "\"不行，这份数据还不足以构成实质性的证据。而且我怀疑，这件事可能牵涉到更高层的人物。\"",
    "\"这个方法可以！但风险很大。\"",
    "\"你觉得我们是为了钱吗？\"",
    "\"谢谢你，林晨。\""
  ]
}