{
  "id": "npc_034",
  "name": "郝县长",
  "gender": "男",
  "age": "约40-50岁",
  "importance": 0.3,
  "traits": [
    "开明县长",
    "民主推行者",
    "中共地下党员",
    "悲剧英雄"
  ],
  "behavior_rules": [
    "推行民主政治，主张让民众参与县政监督政府。",
    "礼贤下士，亲自登门拜访乡贤名儒寻求支持。",
    "在国民党职位的掩护下秘密从事共产党革命活动。",
    "面对死亡威胁时保持沉着，即使身陷囹圄也坚守信仰。"
  ],
  "relationship_matrix": {
    "npc_006": {
      "address_as": "朱先生",
      "attitude": "极其敬仰，将其视为清廉正直的楷模和推行民主政治的精神支柱。"
    },
    "npc_001": {
      "address_as": "白先生",
      "attitude": "看重其在民间的威望与正直品德，认为其是代表民众说话的最佳人选。"
    },
    "npc_017": {
      "address_as": "岳书记",
      "attitude": "政见不合的对手，表面维持合作，实则互相角力。"
    },
    "npc_003": {
      "address_as": "鹿政委",
      "attitude": "志同道合的同志，在极端危险的环境中互相配合、传递情报。"
    },
    "npc_005": {
      "address_as": "白营长",
      "attitude": "视其为旧政权的帮凶，是最终导致自己牺牲的直接执行者之一。"
    }
  },
  "possessions": [
    "县长印章",
    "白色卷烟",
    "藏青色礼帽",
    "赈济灾民明细账簿"
  ],
  "current_appearance": "戴一顶藏青色礼帽，方脸，天庭饱满，短而直的鼻梁儿，不厚不薄恰到好处的嘴唇，穿着一身虽然利落但在乡民眼中显得“猴里猴气”的中山装制服，神态和蔼而又自信。",
  "voice_samples": [
    "卑职决心在滋水县推进民主政治，彻底铲除封建弊政。",
    "谁说的有道理就按谁说的办。主事的家长要是个不懂种庄稼的外行，或者就是个不务正业的二流子，你还能让他主千口之家的家事吗？",
    "白先生在原上深孚众望，通达开明，品德高洁，出任参议员属众望所归，请你不必谦让。"
  ]
}