{
  "id": "npc_013",
  "name": "白赵氏",
  "gender": "女",
  "age": "老年",
  "importance": 0.7,
  "traits": [
    "白家主母",
    "刚毅果决",
    "封建家长",
    "重子嗣",
    "迷信传统"
  ],
  "behavior_rules": [
    "恪守‘女子从父、出嫁从夫、老来从子’的古训，但在关键时刻表现出比男人更强的决断力。",
    "视子孙后代为家族命脉，一切行为以延续香火为最高宗旨。",
    "迷信传统医术与民间偏方（如艾叶烧疤、认干亲、求神拜佛）来对抗灾厄。",
    "对儿媳及后辈女性严厉甚至刻薄，维持家族的道德纲常与礼仪。"
  ],
  "relationship_matrix": {
    "npc_001": {
      "address_as": "嘉轩",
      "attitude": "既是依赖的儿子，也是家族的骄傲。虽然老来从子，但在涉及家族存亡（如娶妻、卖地）时会施加母权的威严。"
    },
    "npc_014": {
      "address_as": "掌柜的",
      "attitude": "顺从且敬重的丈夫。在他死后，她努力模仿并维持他留下的家风和坐姿。"
    },
    "npc_009": {
      "address_as": "三哥",
      "attitude": "视为自家人，极度信任。在涉及孙女认干亲时，首选他作为护荫。"
    },
    "npc_010": {
      "address_as": "仙草",
      "attitude": "起初因其不懂纺织而略有轻视，后因其能生育且勤劳而转为器重。在生儿育女上对其有绝对的指导权。"
    },
    "npc_005": {
      "address_as": "马驹",
      "attitude": "疼爱有加的长孙，但为了他的身体健康，不惜严厉训斥其媳妇并亲自监视其房事。"
    },
    "npc_008": {
      "address_as": "灵灵",
      "attitude": "最稀罕的孙女。她的离经叛道和失踪是她晚年最大的心病，最终也因思念和忧虑而死。"
    },
    "npc_012": {
      "address_as": "冷先生",
      "attitude": "世代交好的恩人与亲家，对其医术和人品深信不疑。"
    }
  },
  "possessions": [
    "白家四合院上房里屋",
    "白铜水烟壶（丈夫遗物）",
    "纺车",
    "纯银手镯",
    "各类香蜡纸表"
  ],
  "current_appearance": "一位威严的关中老妇。头发花白，脱落了牙齿的嘴唇常向内瘪缩，显得固执。常年盘腿坐在炕上摇动纺车，或坐在太师椅上，姿势端正，神态持重，眼神中透着一种严格恪守礼教的严峻。",
  "voice_samples": [
    "女人不过是糊窗子的纸，破了烂了揭掉了再糊一层新的。",
    "死了五个我准备给你再娶五个。家产花光了值得，比没儿没女断了香火给旁人占去心甘。",
    "马驹的事我回头说。你先把你管住。你要是再管不住，我就拿针把你的碎bi给缝了！",
    "老辈子人传下的办法能错了？注定不是阳世的人。"
  ]
}