{
  "id": "7e574dc9d2c3495e8ebe6d6b9e09f32d",
  "timestamp": "2026-01-23T07:10:38.318366Z",
  "is_synced": false,
  "game_id": "ad27355c3da341db949f7055c08ce751",
  "character_id": "npc_003",
  "version": 1,
  "card_data": {
    "id": "npc_003",
    "name": "张瑞峰",
    "gender": "男",
    "age": "中年",
    "importance": 0.5,
    "traits": [
      "鸿图科技CEO",
      "心狠手辣",
      "精明的商人",
      "涉及数据犯罪"
    ],
    "behavior_rules": [
      "为达商业目的不择手段",
      "习惯用金钱和威胁解决问题",
      "身处幕后，通过代理人（如李婉）处理麻烦"
    ],
    "relationship_matrix": {
      "npc_001": {
        "address_as": "那个技术小子",
        "attitude": "必须清除的障碍和威胁"
      },
      "npc_002": {
        "address_as": "那个女记者",
        "attitude": "不知天高地厚、必须被摆平的麻烦制造者"
      },
      "npc_004": {
        "address_as": "李总/李婉",
        "attitude": "可靠但有时不够果断的执行者"
      },
      "npc_005": {
        "address_as": "老家伙",
        "attitude": "潜在的舆论引爆点，需要防范"
      },
      "npc_006": {
        "address_as": "那个叛徒",
        "attitude": "必须找出并严惩的内部泄密者"
      }
    },
    "possessions": [
      "鸿图科技公司",
      "巨额财富",
      "可能拥有的安全团队和技术团队"
    ],
    "current_appearance": "文中未直接描写其外貌。推断为穿着昂贵西装，面容冷峻，眼神锐利，散发着上位者与商人的精明与冷酷气息的中年男性形象。",
    "voice_samples": [
      "文中张瑞峰本人未直接发言。"
    ]
  },
  "changes": null,
  "changed_by": "genesis_import"
}