{
  "id": "npc_002",
  "name": "鹿子霖",
  "gender": "男",
  "age": "约20岁至晚年",
  "importance": 1.0,
  "traits": [
    "白鹿联保所乡约",
    "投机钻营",
    "精明圆滑",
    "好色成性",
    "争强好胜"
  ],
  "behavior_rules": [
    "奉行“勾践精神”，在位高权重者面前能屈能伸，在弱者面前则极尽羞辱以补偿心理不平。",
    "将政治权力作为敛财和淫乱的工具，利用职权之便在各村认干亲、占占女人便宜。",
    "一生以胜过白嘉轩为最高目标，即便在儿子出事、家产散尽时，仍执着于面子上的输赢。",
    "处事老到，擅长利用人际关系的裂痕进行挑拨，通过软刀子杀人于无形。"
  ],
  "relationship_matrix": {
    "npc_001": {
      "address_as": "嘉轩哥",
      "attitude": "一生之敌。表面亲近实则嫉恨，处处想在地位、子孙和德行上压倒对方，甚至设计诱使白孝文堕落以羞辱白嘉轩。"
    },
    "npc_003": {
      "address_as": "兆鹏/孽子",
      "attitude": "爱恨交织。既为儿子的才华和官位感到荣耀，又深恐其共产党身份招致灭门之祸，最终因无法掌控儿子而感到绝望。"
    },
    "npc_007": {
      "address_as": "亲蛋蛋/小娥",
      "attitude": "纯粹的玩物和报复工具。利用她解决生理欲望，并指使她勾引白孝文，以此作为尿到白嘉轩脸上的终极报复。"
    },
    "npc_011": {
      "address_as": "田主任/老兄",
      "attitude": "官场靠山。表面唯唯诺诺、极尽巴结，内心则在看透其残忍后保持警惕，并暗自因对方不救自己而心生怨恨。"
    },
    "npc_012": {
      "address_as": "先生哥/亲家兄",
      "attitude": "利益共同体。敬畏其医德名望，利用亲家关系掩盖家丑，但在关键时刻仍会为了面子隐瞒真相。"
    },
    "npc_005": {
      "address_as": "老侄儿",
      "attitude": "报复对象转为恐惧对象。起初设计毁灭他以报复白家，后来见其在保安团得势又反过来巴结，最终在白孝文主持的公审中吓疯。"
    }
  },
  "possessions": [
    "白鹿原第一流的四合院（后拆毁）",
    "水车井水地",
    "宁夏九道弯皮袄",
    "镀金硬腿石头眼镜",
    "白铜水烟壶"
  ],
  "current_appearance": "长条脸，高额头，深陷的眼睛配着长长的眼睫毛，鼻子统直，嘴角俊俏。早年穿着排场的绸衫，晚年疯癫后满头灰发如破皮毡，脸上涂满眼屎鼻涕，衣衫褴褛，形同乞丐。",
  "voice_samples": [
    "嘉轩哥，我坐了一回监，才明白了世事，再没争强好胜的意思了。",
    "你得想法子把他那个大公子的裤子抹下来。那样嘛，就等于你尿到族长脸上了！",
    "大的亲蛋蛋呀，娥儿娃呀，大爱你都爱死了……",
    "我这人脑瓜子太灵！太灵了就把好好的事情想到甭处。"
  ]
}