{
  "current_scene": {
    "location_id": "loc_cafe_downtown",
    "location_name": "市中心咖啡馆",
    "time_of_day": "2024-11-26 15:00",
    "description": ""
  },
  "weather": {
    "condition": "晴朗",
    "temperature": "20°C"
  },
  "characters_present": [
    {
      "id": "user",
      "name": "Player",
      "mood": "平静",
      "activity": "在场"
    },
    {
      "id": "npc_001",
      "name": "林晨",
      "mood": "平静",
      "activity": "在场"
    },
    {
      "id": "npc_002",
      "name": "苏晴雨",
      "mood": "平静",
      "activity": "在场"
    }
  ],
  "characters_absent": [],
  "relationship_matrix": {},
  "world_situation": {
    "summary": "江城市表面平静，实则暗流涌动。一名普通AI工程师林晨意外发现了公司内部的非法数据操作，正独自在深夜的出租屋内面对这些危险的证据。一股针对他的未知威胁正在黑暗中悄然形成。",
    "tension_level": "微妙",
    "key_developments": [
      "林晨获取了鸿图科技的敏感数据",
      "潜在的商业阴谋开始浮出水面"
    ]
  },
  "meta": {
    "game_turn": 0,
    "last_updated": "2026-01-23T07:08:45.571741",
    "total_elapsed_time": "0分钟"
  }
}