{
  "id": "npc_003",
  "name": "神秘男声",
  "gender": "男",
  "age": "40-50岁",
  "importance": 0.5,
  "traits": [
    "传话者",
    "低沉冷静",
    "监视者",
    "威胁性"
  ],
  "behavior_rules": [
    "通过匿名电话进行远程施压",
    "言语简练，不透露真实身份及雇主信息",
    "以掌握对方行踪和软肋（如身边人安全）作为谈判筹码"
  ],
  "relationship_matrix": {
    "npc_001": {
      "address_as": "林先生",
      "attitude": "将其视为需要通过恐吓使其闭嘴的技术变数"
    },
    "npc_002": {
      "address_as": "苏小姐",
      "attitude": "将其视为连带的威胁目标，用来增加对林晨的心理压力"
    },
    "npc_004": {
      "address_as": "张总",
      "attitude": "由于自称传话人，推断其对张瑞峰持有服从或雇佣关系的敬畏"
    }
  },
  "possessions": [
    "加密通讯设备",
    "目标监控数据",
    "变声器或特制电话卡"
  ],
  "current_appearance": "未正式露面。根据声音推断，他可能穿着考究但不显眼的深色大衣，身处光线昏暗、布满监控屏幕的密闭房间内，指尖可能夹着一支燃着的烟，眼神阴冷地注视着屏幕上的坐标。",
  "voice_samples": [
    "林先生，我知道你打开了那份文件。",
    "我劝你最好忘掉今晚看到的一切，否则你和苏小姐都会有危险。",
    "我只是一个传话的人。记住我的警告。"
  ]
}