{
  "scene_id": "scene_001",
  "location": "市中心咖啡馆",
  "time": "上午10:30",
  "weather": "晴朗",
  "atmosphere": "繁忙的都市氛围，咖啡香弥漫",
  "characters": [
    {
      "id": "npc_001",
      "name": "林晨",
      "status": "在场",
      "first_appearance": true,
      "current_activity": "在角落的座位上专注查看笔记本电脑"
    },
    {
      "id": "npc_002",
      "name": "苏晴雨",
      "status": "在场",
      "first_appearance": true,
      "current_activity": "坐在林晨对面，一边喝咖啡一边观察周围"
    }
  ],
  "background_npcs": [
    "几位正在工作的白领",
    "一对情侣在窗边聊天",
    "服务员来回走动"
  ]
}