{
  "current_scene": {
    "location_id": "loc_cafe_downtown",
    "location_name": "市中心咖啡馆",
    "time_of_day": "2024-11-26 15:00",
    "description": ""
  },
  "weather": {
    "condition": "晴朗",
    "temperature": "23°C"
  },
  "characters_present": [
    {
      "id": "user",
      "name": "Player",
      "mood": "平静",
      "activity": "在场"
    },
    {
      "id": "npc_001",
      "name": "林晨",
      "mood": "平静",
      "activity": "在场"
    },
    {
      "id": "npc_002",
      "name": "苏晴雨",
      "mood": "平静",
      "activity": "在场"
    }
  ],
  "characters_absent": [],
  "relationship_matrix": {},
  "world_situation": {
    "summary": "江城市表面繁华依旧，但在科技与商业的光鲜外表下，暗流涌动。一家名为鸿图科技的大型公司正深陷数据泄露与商业阴谋的丑闻边缘，而试图揭露真相的人士正面临未知的风险。城市中弥漫着一种微妙的紧张感，秘密与谎言交织。",
    "tension_level": "微妙",
    "key_developments": [
      "鸿图科技涉嫌数据犯罪，内部有人试图揭露真相",
      "独立记者和技术人员开始接触，寻求突破"
    ]
  },
  "meta": {
    "game_turn": 0,
    "last_updated": "2026-01-23T07:11:06.615825",
    "total_elapsed_time": "0分钟"
  }
}