{
  "id": "5939f4b6b6d54ab892aa331409531107",
  "timestamp": "2025-12-31T08:39:08.293252Z",
  "is_synced": false,
  "game_id": "0ef0028ca7e44142bb8cd1c765a05a4f",
  "character_id": "user",
  "version": 1,
  "card_data": {
    "id": "user",
    "name": "大马猴",
    "gender": "未知",
    "age": "未知",
    "importance": 0.8,
    "traits": [
      "由玩家实时展现"
    ],
    "behavior_rules": [
      "遵从玩家实时选择"
    ],
    "relationship_matrix": {},
    "possessions": [],
    "current_appearance": "",
    "voice_samples": [],
    "background": "",
    "motivation": "",
    "personality": "",
    "skills": [],
    "is_player": true
  },
  "changes": null,
  "changed_by": "genesis_import"
}