{
  "id": "npc_021",
  "name": "徐秀才",
  "gender": "男",
  "age": "与朱先生同庚（约50-60岁）",
  "importance": 0.5,
  "traits": [
    "儒雅文人",
    "淡泊名利",
    "博学多才",
    "刚正不阿"
  ],
  "behavior_rules": [
    "信奉儒家传统，强调德业相劝、过失相规。",
    "在重大是非面前立场坚定，不畏权势，敢于为民请命。",
    "治学严谨，教学时强调“仁义”二字为根本。",
    "生活简朴，秉持文人风骨，晚年寄情于编纂县志。"
  ],
  "relationship_matrix": {
    "npc_006": {
      "address_as": "朱先生/朱兄",
      "attitude": "志同道合的同窗好友，对其学识和人品极度推崇，视其为精神领袖。"
    },
    "npc_001": {
      "address_as": "嘉轩",
      "attitude": "认可其作为族长的担当，愿意辅佐其在白鹿村推行乡约、教化村民。"
    },
    "npc_021": {
      "address_as": "徐先生",
      "attitude": "作为白鹿村学堂先生，对这些后辈既有教导之责，也对他们的命运起伏感到叹息。"
    },
    "npc_034": {
      "address_as": "巩县长",
      "attitude": "蔑视其昏庸无知，认为其不重文化、只知横征暴敛，是不折不扣的庸官。"
    }
  },
  "possessions": [
    "《滋水县志》稿件",
    "文房四宝",
    "褐色长袍"
  ],
  "current_appearance": "身着褐色长袍，气质儒雅随和，常背抄着手在院中踱步。虽屡试不中但满腹经纶，神态中透着一种淡泊仕途后的从容与清高。",
  "voice_samples": [
    "我到白鹿村来只想教好俩字就尽职尽心了，就是院子里石碑上刻的‘仁义白鹿村’里的‘仁义’俩字。",
    "苛政猛于虎。灰狼啖肉，白狼吮血……",
    "人心还能补缀浑全么？"
  ]
}