{
  "id": "npc_008",
  "name": "黑色西装人",
  "gender": "男",
  "age": "25-40岁",
  "importance": 0.1,
  "traits": [
    "执行者",
    "冷酷无情",
    "组织严密",
    "职场打扮"
  ],
  "behavior_rules": [
    "奉命行事，主要负责实地监视、追踪和威慑目标对象。",
    "行动迅速且具有压迫感，通常以群体形式出现以制造心理压力。",
    "在公共场合不轻易发动直接暴力，倾向于通过尾随和包围迫使目标逃窜。"
  ],
  "relationship_matrix": {
    "npc_001": {
      "address_as": "目标",
      "attitude": "需要清除或控制的任务目标，对其技术能力并不关心，只负责物理控制。"
    },
    "npc_002": {
      "address_as": "苏小姐",
      "attitude": "麻烦的刺头，是重点监控和施压的对象。"
    },
    "npc_004": {
      "address_as": "张总",
      "attitude": "绝对服从的雇主，为其处理见不得光的脏活。"
    }
  },
  "possessions": [
    "黑色西装制服",
    "通讯设备",
    "黑色商务轿车"
  ],
  "current_appearance": "身材魁梧健硕，统一穿着剪裁合体的深黑色西服套装，佩戴墨镜或面色冷峻，步履匆匆且极具目的性，常出没于阴影或目标出现的公共场所边缘。",
  "voice_samples": [
    "（文中未直接开口说话，主要通过行动施压）"
  ]
}