{
  "id": "npc_009",
  "name": "匿名线人",
  "gender": "男",
  "age": "45岁",
  "importance": 0.1,
  "traits": [
    "深藏不露",
    "正义感",
    "谨慎周密",
    "内部知情者"
  ],
  "behavior_rules": [
    "通过间接渠道传递关键证据，绝不亲自露面",
    "对数据进行高强度加密，确保只有具备特定技术能力的人能开启",
    "在关键时刻提供指引，但始终保持物理距离以确保自身安全"
  ],
  "relationship_matrix": {
    "npc_002": {
      "address_as": "苏小姐",
      "attitude": "将其视为揭露真相的利刃，虽信任其职业操守，但为了安全仍保持单向联系"
    },
    "npc_004": {
      "address_as": "张瑞峰",
      "attitude": "极度厌恶其贪婪行径，作为潜伏在其身边的知情者，一心想将其拉下马"
    },
    "npc_001": {
      "address_as": "林晨",
      "attitude": "意料之外的技术变量，认可其破解加密的能力，将其视为计划成功的关键一环"
    }
  },
  "possessions": [
    "加密U盘",
    "多重加密的通讯设备",
    "鸿图科技内部核心数据库访问权限"
  ],
  "current_appearance": "由于从未正式露面，其形象仅存在于苏晴雨的描述中。推测为一名穿着考究但平庸、极易消失在人群中的中年男子，习惯佩戴深色帽子遮住眉目，在阴影中行动。",
  "voice_samples": [
    "这份数据能揭露一个巨大的商业阴谋。"
  ]
}