{
  "id": "npc_039",
  "name": "巩增荣",
  "gender": "男",
  "age": "约40-50岁",
  "importance": 0.1,
  "traits": [
    "西原大户",
    "殷实财东",
    "旧式家长"
  ],
  "behavior_rules": [
    "遵循门当户对的联姻准则，将长女嫁予同样家境殷实的白鹿村白家。",
    "在传统的宗法社会中通过联姻维持并扩张家族的社会地位和影响力。"
  ],
  "relationship_matrix": {
    "npc_001": {
      "address_as": "嘉轩贤婿",
      "attitude": "将其视为门当户对的姻亲，初期寄予传宗接代的厚望，后因长女难产而亡，关系转为疏远或终结。"
    },
    "npc_014": {
      "address_as": "秉德兄",
      "attitude": "平级交往的财东亲家，认可白家的祖德和家业，是利益与名望上的盟友。"
    }
  },
  "possessions": [
    "西原巩家村大量田产",
    "大户宅院",
    "丰厚嫁妆"
  ],
  "current_appearance": "身着绸缎长袍，体态丰满，面色红润，显现出关中原上典型大户人家掌门人的威仪与优渥生活下的富态。",
  "voice_samples": [
    "（文中未直接记载其台词，根据人设推断其语调应为厚重且带有长辈威严的关中方言）"
  ]
}