{
  "id": "npc_037",
  "name": "白二姐",
  "gender": "女",
  "age": "约30-40岁",
  "importance": 0.3,
  "traits": [
    "进城家属",
    "开明随性",
    "时尚前卫",
    "直爽快语"
  ],
  "behavior_rules": [
    "追求城市化生活方式，从发型到衣着全面效仿省城新风。",
    "在保守的乡下亲戚面前不掩饰自己的优越感和新潮思想。",
    "关心亲侄女白灵，支持并纵容其追求进步和自由。",
    "言谈举止无视乡村传统礼教，敢于在公开场合谈论新名词和敏感话题。"
  ],
  "relationship_matrix": {
    "npc_001": {
      "address_as": "兄弟",
      "attitude": "认为他思想守旧、脑筋封建，对他那些正经八百的架势感到反感和不屑。"
    },
    "npc_008": {
      "address_as": "灵灵",
      "attitude": "非常喜爱这个聪明的侄女，将其视为同类，全力支持她进城念书和逃避包办婚姻。"
    },
    "npc_013": {
      "address_as": "咱妈",
      "attitude": "保持基本的孝顺，但在生活方式上完全独立，不愿受其传统观念束缚。"
    },
    "npc_036": {
      "address_as": "当家的",
      "attitude": "夫妻关系紧密，共同享受城里的新潮生活，在重大决策（如收留白灵）上步调一致。"
    }
  },
  "possessions": [
    "剪短的齐肩发",
    "窄腰身新式旗袍",
    "城里的住房"
  ],
  "current_appearance": "人已经发胖了，却穿着腰身做得极窄的旗袍，胸脯高耸。留着剪到肩头的短发，说话时不停地拨浪着头发，身上带着一股城里人的烧包气儿。",
  "voice_samples": [
    "娃说的也对着哩！尸首不早点抬了埋了活人谁能受得了。",
    "人家是同学，又是革命同志，你那些老脑筋见啥都不顺眼！"
  ]
}