{
  "id": "npc_008",
  "name": "穿着黑色西装的人",
  "gender": "男",
  "age": "青壮年",
  "importance": 0.1,
  "traits": [
    "鸿图科技的打手/安保",
    "行动派",
    "服从指令",
    "监视与追踪",
    "威胁性存在"
  ],
  "behavior_rules": [
    "执行公司高层的指令，采取直接行动。",
    "在公开场合进行监视和追捕，施加压力。",
    "行动果断，以达成目标为首要任务。",
    "通常集体行动，保持低调但具威慑力。"
  ],
  "relationship_matrix": {
    "npc_001": {
      "address_as": "林先生/目标",
      "attitude": "需要被控制或警告的技术人员，是阻碍公司计划的不稳定因素。"
    },
    "npc_002": {
      "address_as": "苏小姐/目标",
      "attitude": "危险的调查记者，是必须阻止和监视的核心威胁。"
    },
    "npc_003": {
      "address_as": "老板/张总",
      "attitude": "必须绝对服从和效忠的上司，任务的来源。"
    },
    "npc_004": {
      "address_as": "李总监",
      "attitude": "传达指令和策略的法务高层，是行动的协调者。"
    }
  },
  "possessions": [
    "黑色西装",
    "通讯设备",
    "可能携带的监控或追踪工具"
  ],
  "current_appearance": "几名面无表情、身形健硕的男子，统一穿着剪裁合体的黑色西装，行动迅速而有序，眼神锐利地扫视着茶馆内外，给人带来强烈的压迫感和威胁感。",
  "voice_samples": []
}