{
  "current_scene": {
    "location_id": "bailu_village",
    "location_name": "白鹿村",
    "time_of_day": "2024-11-26 15:00",
    "description": ""
  },
  "weather": {
    "condition": "晴朗",
    "temperature": "约18摄氏度"
  },
  "characters_present": [
    {
      "id": "user",
      "name": "Traveler",
      "mood": "平静",
      "activity": "在场"
    },
    {
      "id": "npc_001",
      "name": "白嘉轩",
      "mood": "平静",
      "activity": "在场"
    },
    {
      "id": "npc_002",
      "name": "鹿子霖",
      "mood": "平静",
      "activity": "在场"
    }
  ],
  "characters_absent": [],
  "relationship_matrix": {},
  "world_situation": {
    "summary": "时值民国初年，白鹿村在宗法制度的维系下保持着表面的平静，但新旧思想的冲突已在暗涌。白鹿两大家族虽表面和睦，实则暗中较劲。",
    "tension_level": "微妙",
    "key_developments": [
      "白嘉轩继任族长",
      "鹿子霖就任白鹿联保所乡约"
    ],
    "time_delta_minutes": 15,
    "npc_updates": [
      {
        "npc_id": "npc_002",
        "activity": "向玩家讲述村中故事"
      }
    ],
    "offscreen_events": [],
    "environment_changes": []
  },
  "meta": {
    "game_turn": 1,
    "last_updated": "2026-01-26T08:50:50.068400",
    "total_elapsed_time": "0分钟"
  }
}