{
  "script_id": "script_001",
  "act": 1,
  "scene": 1,
  "title": "危机初现",
  "summary": "林晨在咖啡馆里发现了鸿图科技的异常数据，正好遇到了也在追查此事的记者苏晴雨。两人决定合作揭露真相。",
  "objectives": [
    "林晨向苏晴雨展示他发现的证据",
    "苏晴雨分享她收集的线索",
    "两人决定合作"
  ],
  "expected_outcome": "双方建立信任，达成合作共识",
  "tension_level": "中等",
  "notes": "这是故事的开端，需要建立角色之间的联系"
}