{
  "id": "npc_023",
  "name": "鹿贺氏",
  "gender": "女",
  "age": "中老年",
  "importance": 0.5,
  "traits": [
    "坚韧果决",
    "虔诚迷信",
    "持家能手",
    "隐忍克制"
  ],
  "behavior_rules": [
    "在重大危机面前表现出超越男人的冷静与干练，信奉‘只要人在，家产卖光也值得’。",
    "恪守传统妇道，通过求神拜佛寻求心理慰藉，将家族平安寄托于神灵。",
    "对待家丑采取内部消化的方式，宁愿通过极端手段（如重药）解决问题也不愿声张。",
    "晚年对丈夫和家族的衰败采取一种近乎冷漠的机械照顾，以完成基本的生存支撑。"
  ],
  "relationship_matrix": {
    "npc_002": {
      "address_as": "他爸",
      "attitude": "年轻时是依附与服从，在其入狱后表现出极强的独立拯救意志，晚年对其荒唐行为感到厌恶与无奈。"
    },
    "npc_003": {
      "address_as": "兆鹏",
      "attitude": "深切的母爱与忧虑，虽不理解其革命行为，但日夜祈祷其平安。"
    },
    "npc_016": {
      "address_as": "兆海",
      "attitude": "引以为傲的儿子，对其战死感到极度悲痛，是她晚年精神支柱崩塌的开始。"
    },
    "npc_012": {
      "address_as": "先生哥",
      "attitude": "极度的信任与敬重，不仅将其视为名医，更视为家族危难时的关键智囊。"
    },
    "npc_001": {
      "address_as": "哥",
      "attitude": "公认的仁义长辈，在家族无助时将其视为可以指靠的厚道人。"
    },
    "npc_024": {
      "address_as": "这不要脸的货",
      "attitude": "起初是同情其守活寡，后因其发疯乱伦之言感到极度的羞辱与憎恨，最终默认对其下重药。"
    }
  },
  "possessions": [
    "藏在牛槽、墙缝和香椿树下的黄货白货（后多数用于救人）",
    "纺车",
    "针线蒲篮",
    "鹿家四合院（后部分变卖）"
  ],
  "current_appearance": "原本是典型的乡绅家眷模样，衣着整洁。随着家族连遭变故，脸颊变得黄肿发胀，眼泡下垂，神情中常带着长期礼佛的肃穆与经历大风大浪后的冷峻。晚年照顾疯癫丈夫时，显得疲惫而木然。",
  "voice_samples": [
    "他爸，你甭难受，门楼门房是我为救你卖的。",
    "只要你浑浑全全回来就好。",
    "这下你在原上的名气越发的大了！",
    "这不要脸货得的是淫疯病。",
    "药轻不治病！"
  ]
}