{
  "id": "npc_005",
  "name": "老记者",
  "gender": "男",
  "age": "50-60岁",
  "importance": 0.5,
  "traits": [
    "资深媒体人",
    "为人正直",
    "经验丰富",
    "值得信赖",
    "主流媒体背景"
  ],
  "behavior_rules": [
    "坚守新闻伦理与底线",
    "面对重大证据时谨慎且果断",
    "保护线人，敢于揭露真相",
    "在承诺的时限内采取行动"
  ],
  "relationship_matrix": {
    "npc_001": {
      "address_as": "小林（或林先生）",
      "attitude": "欣赏其技术能力与勇气，视其为可信赖的合作伙伴，但对其卷入如此危险境地感到一丝担忧。"
    },
    "npc_002": {
      "address_as": "小苏（或苏记者）",
      "attitude": "认可其作为记者的职业操守和调查精神，视其为有潜力的后辈，信任其提供的线索与证据。"
    },
    "npc_003": {
      "address_as": "张瑞峰（或鸿图科技的张总）",
      "attitude": "将其视为需要被揭露的、危害社会的不法商人，内心充满批判与警惕。"
    },
    "npc_004": {
      "address_as": "李婉（或李总监）",
      "attitude": "视其为试图掩盖真相的对手方代表，对其威胁手段感到不齿，决心用报道对抗其背后的势力。"
    },
    "npc_006": {
      "address_as": "（匿名）线人",
      "attitude": "尊重并保护其身份，理解其提供线索的风险，内心感激其勇气。"
    },
    "npc_010": {
      "address_as": "（相关）官员",
      "attitude": "对其中涉及的不法行为感到痛心与愤怒，决心通过报道履行媒体监督职责。"
    }
  },
  "possessions": [
    "主流媒体的工作证件",
    "用于撰写和发布报道的电脑与设备",
    "长期积累的行业人脉与信息来源",
    "可能拥有记录本和录音笔等传统记者工具"
  ],
  "current_appearance": "一位头发花白、面容略显沧桑但眼神锐利坚定的男性。穿着可能比较朴素，如一件旧夹克或衬衫，透露出资深从业者的沉稳气质。他的手指或许因常年敲击键盘而有些粗糙，姿态却透着一股不容置疑的正直感。",
  "voice_samples": [
    "（承诺会在三天内发表报道）"
  ]
}