{
  "id": "npc_010",
  "name": "政府官员",
  "gender": "男",
  "age": "中年",
  "importance": 0.1,
  "traits": [
    "涉腐官员",
    "与商业勾结",
    "谨慎",
    "位高权重",
    "利益关联"
  ],
  "behavior_rules": [
    "与鸿图科技等商业公司保持秘密往来以获取利益",
    "利用职权为非法交易提供保护或便利",
    "行事隐秘，尽量避免直接暴露",
    "对威胁其地位的人或事会施加压力或采取行动"
  ],
  "relationship_matrix": {
    "npc_003": {
      "address_as": "张总",
      "attitude": "相互利用的商业伙伴，需要他输送利益，但也提防其出事牵连自己"
    },
    "npc_004": {
      "address_as": "李总监",
      "attitude": "重要的中间联络人，视其为可靠但需保持距离的执行者"
    },
    "npc_001": {
      "address_as": "那个技术员",
      "attitude": "不知天高地厚、需要被摆平的麻烦制造者"
    },
    "npc_002": {
      "address_as": "那个记者",
      "attitude": "危险的调查者，必须阻止其深挖"
    },
    "npc_005": {
      "address_as": "老家伙",
      "attitude": "需要警惕的媒体对手，其影响力可能带来麻烦"
    }
  },
  "possessions": [
    "不明来源的资产",
    "用于秘密联络的通讯设备",
    "与鸿图科技往来的邮件记录（已被林晨获取）"
  ],
  "current_appearance": "一名身着得体西装的中年男性，面容沉稳但眼神深处藏着算计，坐在宽敞的办公室内，手指轻敲着桌面，窗外是江城市的繁华夜景。",
  "voice_samples": []
}