{
  "id": "npc_046",
  "name": "碗客",
  "gender": "男",
  "age": "约40-50岁",
  "importance": 0.1,
  "traits": [
    "恶霸",
    "暴发户",
    "淫棍",
    "强悍"
  ],
  "behavior_rules": [
    "信奉强权与金钱，认为有钱就可以蹂躏一切。",
    "极度好色，对女性具有病态的征服欲和摧残欲。",
    "临死不悔，即便面对死亡也要通过言语侮辱来维持其所谓的“硬汉”形象。"
  ],
  "relationship_matrix": {
    "npc_001": {
      "address_as": "白嘉轩",
      "attitude": "视其为顽固的封建卫道士，对其族长权威充满挑衅心理。"
    },
    "npc_004": {
      "address_as": "黑娃",
      "attitude": "起初并不将其放在眼里，直到被其领导的农协逮捕才感到恐惧和仇恨。"
    },
    "npc_045": {
      "address_as": "贺老大",
      "attitude": "同为原上的强悍人物，但在政治立场上截然对立。"
    }
  },
  "possessions": [
    "耀州粗瓷大碗",
    "马车",
    "白鹿镇瓷器分店",
    "温泉镇瓷器总店"
  ],
  "current_appearance": "身材壮硕，因长年赶车贩运显得皮肤粗糙、风尘仆仆。被捕后蓬头垢面，五花大绑，即便身处绝境，双眼仍透着凶狠与不驯的淫光，嘴脸因叫骂而显得狰狞。",
  "voice_samples": [
    "我圪塔娃睡过数不清的婆娘媳妇，铡了杀了老子，老子也值了！",
    "十年后还是一个圪塔娃，还卖碗还睡你婆娘……"
  ]
}