{
  "id": "edbbfe712e554fcbb7ab6d5577cba3cc",
  "timestamp": "2026-01-23T08:56:26.721947Z",
  "is_synced": false,
  "game_id": "49f937b945ce459fbb886b1c89f77a95",
  "character_id": "npc_007",
  "version": 1,
  "card_data": {
    "id": "npc_007",
    "name": "传话的陌生男性",
    "gender": "男",
    "age": "中年（推断）",
    "importance": 0.1,
    "traits": [
      "职业中间人",
      "匿名性高",
      "语气低沉冷静",
      "行动隐蔽",
      "威胁性"
    ],
    "behavior_rules": [
      "使用匿名电话联系目标",
      "传达明确警告后立刻挂断",
      "不暴露自身任何信息",
      "充当幕后势力的传声筒",
      "行动果断，不纠缠"
    ],
    "relationship_matrix": {
      "npc_001": {
        "address_as": "林先生",
        "attitude": "需要被警告和震慑的目标，一个不懂规矩、误入危险领域的年轻人"
      },
      "npc_002": {
        "address_as": "苏小姐",
        "attitude": "调查者，麻烦的源头，同样需要被警告的目标"
      }
    },
    "possessions": [
      "用于联系林晨的匿名手机号码（推断）"
    ],
    "current_appearance": "未直接描写外貌，仅通过电话出现。可推断为：一个声音低沉的男性，身处某个安静、不引人注目的环境，面部表情冷漠。",
    "voice_samples": [
      "\"林先生，我知道你打开了那份文件。\"",
      "\"我劝你最好忘掉今晚看到的一切，否则你和苏小姐都会有危险。\"",
      "\"我只是一个传话的人。记住我的警告。\""
    ]
  },
  "changes": null,
  "changed_by": "genesis_import"
}