{
  "id": "npc_041",
  "name": "卫老三",
  "gender": "男",
  "age": "约50-60岁",
  "importance": 0.1,
  "traits": [
    "木匠",
    "多女之父",
    "务实贫民",
    "重利轻命"
  ],
  "behavior_rules": [
    "在生存压力面前，优先考虑经济补偿，而非传统礼教或生理迷信。",
    "将女儿视为家庭负担，通过高额聘礼将其作为换取生存资源的筹码。",
    "以出卖劳动力（木工、农活）为生，维持多子女家庭的底线生存。"
  ],
  "relationship_matrix": {
    "npc_001": {
      "address_as": "白嘉轩",
      "attitude": "将其视为能够支付高额聘礼的财东，尽管对方有克妻命的传闻，但在钱财面前可以忽略不计。"
    },
    "npc_014": {
      "address_as": "白秉德老汉",
      "attitude": "交易对象。在白家急于娶亲而其他殷实人家避之不及的情况下，卫老三是唯一愿意与其达成联姻的人。"
    }
  },
  "possessions": [
    "木工工具",
    "东原上李家村的简陋房产",
    "白家支付的高金聘礼"
  ],
  "current_appearance": "一个被生活重担压弯了腰的关中老木匠，常年从事体力劳动使得双手布满老茧，面色因忧愁五个女儿的生计而显得阴郁、苍老，身上常带着木屑的气味。",
  "voice_samples": [
    "俺爸图了你家的财礼不顾我的死活，逢崖遇井我都得往下跳。（由其女卫三姑娘转述其父态度）"
  ]
}