{
  "id": "c7e6b5938e644942a9dffc7b8ea1296f",
  "timestamp": "2026-01-23T07:11:54.095483Z",
  "is_synced": false,
  "game_id": "10e1f15cd507490c976291d9d0e2d9e4",
  "character_id": "user",
  "version": 1,
  "card_data": {
    "id": "user",
    "name": "Player",
    "gender": "未知",
    "age": "未知",
    "importance": 0.8,
    "traits": [
      "由玩家实时展现"
    ],
    "behavior_rules": [
      "遵从玩家实时选择"
    ],
    "relationship_matrix": {},
    "possessions": [],
    "current_appearance": "",
    "voice_samples": [],
    "background": "",
    "motivation": "",
    "personality": "",
    "skills": [],
    "is_player": true
  },
  "changes": null,
  "changed_by": "genesis_import"
}