{
  "id": "npc_030",
  "name": "郭举人",
  "gender": "男",
  "age": "六十多岁（近七十岁）",
  "importance": 0.3,
  "traits": [
    "武举出身",
    "豪爽大度",
    "迷信养生",
    "治家严苛"
  ],
  "behavior_rules": [
    "对长工不拘小节，只要活干好，饭管够，不琐碎刁难。",
    "迷信并实践奇特的养生秘术（如“泡枣”），以求延年益寿、返老还童。",
    "维护封建家长权威，对家中女眷实行严格的等级和禁欲式管理（如大老婆监视小老婆）。",
    "面对家丑时表面维持体面风度，实则暗中指派亲信下死手报复（如放走黑娃后派侄儿截杀）。"
  ],
  "relationship_matrix": {
    "npc_004": {
      "address_as": "鹿相/黑娃",
      "attitude": "起初因其勤快伶俐而颇为喜爱，甚至教其骑马；发现其与小娥私通后，视为辱没门风的畜生，欲除之而后快。"
    },
    "npc_007": {
      "address_as": "二房/小娥",
      "attitude": "将其视为单纯的养生工具（泡枣）和泄欲对象，并无夫妻情分；发现其出轨后，毫不留情地将其休弃并赶回娘家。"
    },
    "npc_026": {
      "address_as": "吴掌柜",
      "attitude": "同为关中与渭北一带的殷实阶层，存在社会地位上的相互认同与药材生意往来。"
    }
  },
  "possessions": [
    "渭北将军寨的大片水浇地",
    "三大槽骡马（包括良种红马）",
    "深宅大院及后院避暑窑洞",
    "武举人的刀枪棍棒",
    "供养生用的干枣"
  ],
  "current_appearance": "年近七十却精神矍铄，脸色红堂堂，身板硬邦邦。银白头发的大脑袋，说话声如洪钟，走路带风。常骑马在夕阳下的官道上奔驰，一派旧式武官的威仪。",
  "voice_samples": [
    "黑娃，你会不会骑马？",
    "你再去把那副鞍子给红马备上，你试着骑上遛遛。",
    "要是想处治你，刚才我就当场把你捉住了，不会让你跑回马号来。处治你还不跟蹭死一只臭虫一样容易。",
    "门面抹了黑，怕是你娃娃一辈子也难寻个女人了。你把前半年的工钱给你，你另到别处找个主家去。"
  ]
}