{
  "id": "bdac7da40ef64f22b863c6e8306057d5",
  "timestamp": "2026-01-26T07:58:57.004242Z",
  "is_synced": false,
  "game_id": "d38387c483c14f078ff948fcd7920173",
  "character_id": "npc_031",
  "version": 1,
  "card_data": {
    "id": "npc_031",
    "name": "白兴儿",
    "gender": "男",
    "age": "约40-50岁",
    "importance": 0.3,
    "traits": [
      "牲畜配种员",
      "畸形手掌",
      "好赌成性",
      "投机分子"
    ],
    "behavior_rules": [
      "利用祖传的“连指手”异能经营牲畜配种场谋生。",
      "在族权严厉时表面顺从，在社会动荡（如农协时期）时迅速倒戈投机。",
      "面对惩罚时极度怯懦，会为了自保迅速供认罪行或求饶。"
    ],
    "relationship_matrix": {
      "npc_001": {
        "address_as": "族长/嘉轩爷",
        "attitude": "极度畏惧其威严，但在农协时期曾产生报复的快意，最终被其铁腕手段彻底震慑。"
      },
      "npc_002": {
        "address_as": "鹿乡约",
        "attitude": "同为村中活跃人物，对其既有依附也有看笑话的心理，曾亲历鹿子霖对其施加的酷刑。"
      },
      "npc_004": {
        "address_as": "黑娃/鹿主任",
        "attitude": "投靠其权力以求翻身，在黑娃落难后迅速划清界限并封堵其窑洞。"
      },
      "npc_005": {
        "address_as": "白营长",
        "attitude": "畏惧其官威，曾作为其与田小娥丑闻的见证者之一，内心感到自卑与嫉妒。"
      }
    },
    "possessions": [
      "种牛、种马、叫驴等配种牲畜",
      "木头栅架（配种用具）",
      "白鹿村吊庄庄场"
    ],
    "current_appearance": "长着一张蜡黄的瘦长条脸，最显著的特征是双手手指像鸭掌一样由一层薄皮连结在一起，被称为“连指手”。常年将丑陋的手藏在衣襟下，直到被民团当众割开。后期因生活落魄显得极度猥琐。",
    "voice_samples": [
      "我不赌了，我再不赌了！我再赌钱掷骰子就斫掉我的手腕子！",
      "兄弟你快走。兄弟你可甭给人说在我这儿拴过马……"
    ]
  },
  "changes": null,
  "changed_by": "genesis_import"
}