{
  "id": "npc_004",
  "name": "李婉",
  "gender": "女",
  "age": "30多岁",
  "importance": 0.5,
  "traits": [
    "法务总监",
    "冷静谈判者",
    "公司利益捍卫者",
    "威胁手段使用者"
  ],
  "behavior_rules": [
    "直接提出交易条件，开门见山",
    "使用金钱诱惑和威胁作为谈判手段",
    "评估对手反应并冷静应对拒绝"
  ],
  "relationship_matrix": {
    "npc_001": {
      "address_as": "林先生",
      "attitude": "视为需要处理的麻烦人物，潜在收买或威胁对象"
    },
    "npc_002": {
      "address_as": "苏小姐",
      "attitude": "视为顽固的对手，威胁公司安全的调查记者"
    },
    "npc_003": {
      "address_as": "张总",
      "attitude": "忠诚的下属，服从上司指示以保护公司利益"
    }
  },
  "possessions": [
    "商务套装",
    "智能手机",
    "公文包"
  ],
  "current_appearance": "李婉是一位三十多岁的职业女性，穿着得体的商务套装，举止优雅，但眼神锐利，透露出冷静和果断的气质。",
  "voice_samples": [
    "林先生，我是鸿图科技的法务部总监李婉。我希望能和你们见一面，谈一个交易。",
    "我知道你们手上有什么。我可以给你们一个亿的封口费，条件是销毁所有证据，并且永远不再提起这件事。",
    "每个人都有价格。如果一亿不够，我们可以再谈。但我必须提醒你们，如果你们拒绝，后果会很严重。"
  ]
}