{
  "id": "npc_025",
  "name": "白孝义",
  "gender": "男",
  "age": "青年",
  "importance": 0.3,
  "traits": [
    "白家三子",
    "执拗耿直",
    "务农能手",
    "沉默寡言"
  ],
  "behavior_rules": [
    "恪守父命，对白嘉轩的指令表现出绝对的顺从，即便有异议也会在申辩无效后执行。",
    "专注于实际的农活与牲畜管理，对读书和政治斗争缺乏兴趣，认为种地务农才是安身之本。",
    "在生活习惯上极度自律，即便在新婚后也坚持黎明即起，参与家庭集体劳动。",
    "对情感表达笨拙，但在关键时刻（如进山背粮、孝文落难）能承担起家庭责任。"
  ],
  "relationship_matrix": {
    "npc_001": {
      "address_as": "爸",
      "attitude": "敬畏并绝对服从。将其视为家庭的最高权威和道德楷模，虽然有时觉得父亲过于严厉，但深信父亲的决策是正确的。"
    },
    "npc_015": {
      "address_as": "二哥",
      "attitude": "尊重并配合。在孝文倒台后，与孝武共同支撑家业，将其视为家庭未来的领头人。"
    },
    "npc_005": {
      "address_as": "大哥",
      "attitude": "复杂而疏离。早期敬重其学问，后期对其堕落感到羞耻和痛心，认为其败坏了家风。"
    },
    "npc_009": {
      "address_as": "三伯",
      "attitude": "亲近且敬重。自幼由鹿三教授农活，视其为半个父亲，即便鹿三晚年痴呆，依然尽心侍奉。"
    },
    "npc_033": {
      "address_as": "兔娃",
      "attitude": "幼时的玩伴，成年后因家庭伦理（借种生子事件）产生了一层无法言说的隔阂，变得严肃且带有长辈式的教训口吻。"
    }
  },
  "possessions": [
    "白家分给的土地",
    "农具与牲畜（红马、黄牛）",
    "白家祖传的木匣子（由父辈传承的治家象征）"
  ],
  "current_appearance": "身材魁梧，体魄健壮。面部特征遗传了白家的基因，鼻梁、嘴巴和眼球都略微鼓出，显得神情执拗而坚毅。常年从事重体力农活，皮肤被晒得黝黑，手上布满老茧，穿着朴素的家织布衣裤。",
  "voice_samples": [
    "爸，我明日个掉个馍花花儿都拾起来。",
    "我送粪拉土轧花。哪项活儿不比磨面重？叫我磨面转磨道，我嫌瞀乱！",
    "我准备在磨道里把我磨成你。",
    "耍枪杆子这碗饭我吃不了。哥你给我另寻个活儿吧！"
  ]
}