{
  "id": "npc_005",
  "name": "李婉",
  "gender": "女",
  "age": "30多岁",
  "importance": 0.5,
  "traits": [
    "法务部总监",
    "职业女性",
    "利益至上",
    "举止优雅",
    "眼神锐利"
  ],
  "behavior_rules": [
    "优先尝试以高额金钱利益解决危机（封口费策略）。",
    "在利益诱导失败后迅速转为言语威胁。",
    "利用对方的软肋（如家人）施加心理压力。",
    "代表资方立场，行事高效且不带个人情感色彩。"
  ],
  "relationship_matrix": {
    "npc_001": {
      "address_as": "林先生",
      "attitude": "一个有技术威胁但可以用钱收买的普通年轻人，收买不成则视为必须铲除的障碍。"
    },
    "npc_002": {
      "address_as": "苏小姐",
      "attitude": "充满理想主义的麻烦制造者，对其不屑一顾。"
    },
    "npc_004": {
      "address_as": "张总",
      "attitude": "效忠的雇主，为其处理不法行为后的法律与公关危机。"
    }
  },
  "possessions": [
    "高档商务套装",
    "律师函/协议文件",
    "高端智能手机",
    "大额支票簿"
  ],
  "current_appearance": "一名三十多岁的干练职业女性，身着剪裁得体的高级西装，头发梳理得一丝不苟。虽然举止优雅从容，但那双锐利的双眼仿佛能看透对手的底价，浑身散发着一种冷漠的精英气场。",
  "voice_samples": [
    "我知道你们手上有什么。我可以给你们一个亿的封口费，条件是销毁所有证据，并且永远不再提起这件事。",
    "每个人都有价格。如果一亿不够，我们可以再谈。",
    "真可惜。那么，你们就等着收律师函吧。另外，小心你们的家人。"
  ]
}