{
  "visual_description": "幽蓝的电脑屏幕光统治房间；堆积的设备与书籍的杂乱轮廓；老旧家具被拉长的扭曲阴影",
  "auditory_description": "急促的键盘敲击声；机箱风扇低沉的持续嗡鸣；窗外偶尔滑过的遥远车声",
  "olfactory_description": "电子设备散发的微热气味；旧书纸张的尘封气息",
  "emotional_tone": "紧张；压抑；孤立；专注",
  "full_atmosphere_text": "深夜，这间出租屋被电脑屏幕的幽蓝光芒所统治。光线勾勒出桌上堆积如山的电脑设备、缠绕的数据线和翻开的厚重技术书籍的杂乱轮廓，墙壁上老旧家具的阴影被拉得细长而扭曲。键盘发出急促而孤寂的敲击声，与机箱风扇持续的低沉嗡鸣交织，构成了房间唯一的主旋律。窗外，郊区深夜偶尔滑过的遥远车声，像不速之客般短暂打破寂静，每一次都让空气为之一紧。空气中弥漫着电子设备运行时散发的微热气味，混杂着旧书纸张特有的、略带尘封的气息。这份被科技产品包围的私密空间，此刻却像一座孤岛，被深沉的夜色和无声的紧张感从四面八方包裹。"
}