{
  "id": "c85b603e5b6e421580f47ec27e6a4a85",
  "timestamp": "2026-01-23T07:10:38.418845Z",
  "is_synced": false,
  "game_id": "ad27355c3da341db949f7055c08ce751",
  "character_id": "user",
  "version": 1,
  "card_data": {
    "id": "user",
    "name": "Player",
    "gender": "未知",
    "age": "未知",
    "importance": 0.8,
    "traits": [
      "由玩家实时展现"
    ],
    "behavior_rules": [
      "遵从玩家实时选择"
    ],
    "relationship_matrix": {},
    "possessions": [],
    "current_appearance": "",
    "voice_samples": [],
    "background": "",
    "motivation": "",
    "personality": "",
    "skills": [],
    "is_player": true
  },
  "changes": null,
  "changed_by": "genesis_import"
}