{
  "scene_summaries": [
    {
      "scene_number": 0,
      "location": "loc_cafe_downtown",
      "participants": [
        {
          "id": "user",
          "name": "hhh"
        }
      ],
      "key_events": [],
      "emotional_shifts": {},
      "player_action": "进入游戏世界",
      "timestamp": "2026-01-23T08:56:29.029347"
    },
    {
      "scene_number": 1,
      "location": "loc_cafe_downtown",
      "participants": [
        {
          "id": "user",
          "name": "hhh"
        }
      ],
      "key_events": [],
      "emotional_shifts": {},
      "player_action": "与在场角色交谈",
      "timestamp": "2026-01-23T08:57:58.642325"
    }
  ],
  "character_interactions": {},
  "significant_events": [],
  "player_choices": []
}