{
  "location_id": "loc_cafe_downtown",
  "location_name": "市中心咖啡馆",
  "time_of_day": "下午",
  "weather": "晴朗，23°C",
  "present_characters": [
    {
      "id": "npc_001",
      "name": "林晨",
      "first_appearance": true
    },
    {
      "id": "npc_002",
      "name": "苏晴雨",
      "first_appearance": true
    },
    {
      "id": "user",
      "name": "Player",
      "first_appearance": true
    }
  ],
  "scene_description": "一家位于繁华市中心的咖啡馆，氛围开放而轻松。午后的阳光透过玻璃窗洒进来，空气中弥漫着咖啡豆的香气和低声交谈的嗡嗡声。这里是信息交汇、偶遇与密谈的理想场所。",
  "opening_narrative": "【剧情】\n- **剧情推演**：第一幕在江城市中心的咖啡馆拉开序幕。表面平静的午后，空气中却弥漫着微妙的紧张。技术宅林晨（npc_001）正紧张地摆弄着笔记本电脑，他最近似乎发现了鸿图科技的一些不寻常数据，内心充满恐惧与不安。独立记者苏晴雨（npc_002）坐在另一处，她敏锐的直觉告诉她，这家咖啡馆里可能藏着线索，她似乎在等待一个线人，或者一个愿意开口的人。此时，Player（user）走进了咖啡馆。林晨和苏晴雨都注意到了这位新来者，他们的反应各不相同——林晨可能下意识地想要隐藏自己的屏幕，而苏晴雨则用审视的目光快速打量了一下Player。接下来，Player的行动将决定故事的走向：Player可以选择走向林晨搭话，询问他紧张的原因；或者被苏晴雨的气质吸引，主动与她交谈；也可能只是安静地坐下观察。无论哪种选择，都将打破咖啡馆现有的微妙平衡，将Player卷入这场围绕数据隐私与商业阴谋的都市暗流之中。\n\n【世界与物理事件】\n- **时间流逝**：过去了约30分钟。\n- **环境变动**：咖啡馆内，午后的阳光逐渐西斜，光线变得柔和。\n- **位置变动**：场景维持在市中心的咖啡馆 (loc"
}