{
  "scene_summaries": [
    {
      "scene_number": 0,
      "location": "loc_cafe_downtown",
      "participants": [
        {
          "id": "user",
          "name": "Player"
        }
      ],
      "key_events": [],
      "emotional_shifts": {},
      "player_action": "进入游戏世界",
      "timestamp": "2026-01-23T07:11:54.232896"
    },
    {
      "scene_number": 1,
      "location": "loc_cafe_downtown",
      "participants": [
        {
          "id": "user",
          "name": "Player"
        },
        {
          "id": "npc_001",
          "name": "林晨"
        }
      ],
      "key_events": [],
      "emotional_shifts": {
        "npc_001": "平静"
      },
      "player_action": "我环顾四周，确认自己身处哪里。",
      "timestamp": "2026-01-23T07:11:54.334510"
    },
    {
      "scene_number": 2,
      "location": "loc_cafe_downtown",
      "participants": [
        {
          "id": "user",
          "name": "Player"
        },
        {
          "id": "npc_001",
          "name": "林晨"
        }
      ],
      "key_events": [],
      "emotional_shifts": {
        "npc_001": "平静"
      },
      "player_action": "我试着和在场的人打个招呼，并询问发生了什么。",
      "timestamp": "2026-01-23T07:12:06.200922"
    }
  ],
  "character_interactions": {
    "npc_001": [
      {
        "player_action": "我环顾四周，确认自己身处哪里。",
        "response": "看向玩家",
        "emotional_impact": 0.0,
        "is_significant": false,
        "timestamp": "2026-01-23T07:11:54.334489"
      },
      {
        "player_action": "我试着和在场的人打个招呼，并询问发生了什么。",
        "response": "看向玩家",
        "emotional_impact": 0.0,
        "is_significant": false,
        "timestamp": "2026-01-23T07:12:06.200910"
      }
    ]
  },
  "significant_events": [],
  "player_choices": []
}