{
  "scene_summaries": [
    {
      "scene_number": 0,
      "location": "bailu_village",
      "participants": [
        {
          "id": "user",
          "name": "Traveler"
        }
      ],
      "key_events": [],
      "emotional_shifts": {},
      "player_action": "进入游戏世界",
      "timestamp": "2026-01-26T02:08:56.826199"
    },
    {
      "scene_number": 1,
      "location": "bailu_village",
      "participants": [
        {
          "id": "user",
          "name": "Traveler"
        },
        {
          "id": "npc_001",
          "name": "白嘉轩"
        },
        {
          "id": "npc_002",
          "name": "鹿子霖"
        },
        {
          "id": "npc_001",
          "name": "白嘉轩"
        }
      ],
      "key_events": [
        "白嘉轩: 放下手中的毛笔，抬头直视玩家，目光如炬却不带敌意",
        "鹿子霖: 从角落的椅子上站起来，堆满笑容地走到桌边，手指轻敲着桌上的几",
        "白嘉轩: 看了鹿子霖一眼，微微皱眉，随即转向玩家"
      ],
      "emotional_shifts": {
        "npc_001": "沉稳而笃定",
        "npc_002": "热情而得意"
      },
      "player_action": "向白嘉轩打听村子情况和历史渊源",
      "timestamp": "2026-01-26T02:12:18.421046"
    },
    {
      "scene_number": 2,
      "location": "bailu_village",
      "participants": [
        {
          "id": "user",
          "name": "Traveler"
        },
        {
          "id": "npc_001",
          "name": "白嘉轩"
        },
        {
          "id": "npc_002",
          "name": "鹿子霖"
        }
      ],
      "key_events": [
        "白嘉轩: 将手中的旱烟袋从嘴边拿开，在鞋底上轻轻磕了磕烟灰，沉稳地抬眼",
        "鹿子霖: 搓了搓冻得有些发红的手，脸上堆满热情的笑容，拍了拍白嘉轩的肩"
      ],
      "emotional_shifts": {
        "npc_001": "沉稳而警惕",
        "npc_002": "热情而得意"
      },
      "player_action": "二位老先生，我本求读于京师，深知读万卷书还需行万里路，现在就正在行万里路呢。不知贵府可否留小生借宿一晚",
      "timestamp": "2026-01-26T02:17:36.496242"
    },
    {
      "scene_number": 3,
      "location": "bailu_village",
      "participants": [
        {
          "id": "user",
          "name": "Traveler"
        },
        {
          "id": "npc_002",
          "name": "鹿子霖"
        },
        {
          "id": "npc_001",
          "name": "白嘉轩"
        },
        {
          "id": "npc_002",
          "name": "鹿子霖"
        },
        {
          "id": "npc_001",
          "name": "白嘉轩"
        }
      ],
      "key_events": [
        "鹿子霖: 热情地伸手指向远处，脸上洋溢着自豪的笑容",
        "白嘉轩: 微微颔首，目光若有所思地望着那排祠堂，随后轻咳一声",
        "鹿子霖: 轻轻碰了碰白嘉轩的胳膊，转向玩家继续说道",
        "白嘉轩: 沉默地跟在旁边，目光扫过路边的孩童和老人"
      ],
      "emotional_shifts": {
        "npc_002": "热情",
        "npc_001": "警惕"
      },
      "player_action": "跟随鹿子霖前往他家，途中继续了解村中故事",
      "timestamp": "2026-01-26T02:20:11.718365"
    },
    {
      "scene_number": 4,
      "location": "bailu_village",
      "participants": [
        {
          "id": "user",
          "name": "Traveler"
        },
        {
          "id": "npc_002",
          "name": "鹿子霖"
        },
        {
          "id": "npc_001",
          "name": "白嘉轩"
        }
      ],
      "key_events": [
        "鹿子霖: 听到赞美后，脸上堆起笑容，微微欠身，手掌向上摊开表示谦虚",
        "白嘉轩: 听到鹿子霖的邀请，轻轻皱了皱眉头，随即恢复平静，只是微微颔首"
      ],
      "emotional_shifts": {
        "npc_002": "热情",
        "npc_001": "警惕"
      },
      "player_action": "听起来先生很有能力了",
      "timestamp": "2026-01-26T06:14:44.697208"
    },
    {
      "scene_number": 0,
      "location": "bailu_village",
      "participants": [
        {
          "id": "user",
          "name": "Traveler"
        }
      ],
      "key_events": [],
      "emotional_shifts": {},
      "player_action": "进入游戏世界",
      "timestamp": "2026-01-26T07:59:15.669829"
    },
    {
      "scene_number": 1,
      "location": "bailu_village",
      "participants": [
        {
          "id": "user",
          "name": "Traveler"
        },
        {
          "id": "npc_002",
          "name": "鹿子霖"
        },
        {
          "id": "npc_001",
          "name": "白嘉轩"
        }
      ],
      "key_events": [
        "鹿子霖: 正在擦拭着茶馆的柜台，抬头看见陌生人在四处张望，放下手中的抹",
        "白嘉轩: 站在不远处的槐树下，双手背在身后，目光如炬地观察着村口的情况"
      ],
      "emotional_shifts": {
        "npc_002": "好奇",
        "npc_001": "警惕"
      },
      "player_action": "观察村里环境与鹿子霖搭讪",
      "timestamp": "2026-01-26T07:59:48.458729"
    },
    {
      "scene_number": 2,
      "location": "bailu_village",
      "participants": [
        {
          "id": "user",
          "name": "Traveler"
        },
        {
          "id": "npc_001",
          "name": "白嘉轩"
        },
        {
          "id": "npc_002",
          "name": "鹿子霖"
        },
        {
          "id": "npc_001",
          "name": "白嘉轩"
        }
      ],
      "key_events": [
        "白嘉轩: 双手背在身后，腰杆挺直如青松，目光锐利地上下打量着玩家",
        "鹿子霖: 微微眯起眼睛，嘴角挂着恰到好处的笑容，轻轻拍了拍白嘉轩的胳膊",
        "白嘉轩: 轻轻哼了一声，对鹿子霖的动作不置可否，目光依然锁定玩家"
      ],
      "emotional_shifts": {
        "npc_001": "警惕",
        "npc_002": "好奇"
      },
      "player_action": "我路过此地，想了解白鹿村的历史",
      "timestamp": "2026-01-26T08:04:00.129375"
    },
    {
      "scene_number": 3,
      "location": "bailu_village",
      "participants": [
        {
          "id": "user",
          "name": "Traveler"
        },
        {
          "id": "npc_001",
          "name": "白嘉轩"
        },
        {
          "id": "npc_002",
          "name": "鹿子霖"
        }
      ],
      "key_events": [
        "白嘉轩: 双手背在身后，腰杆挺直，目光锐利地审视着玩家，眉头微蹙",
        "鹿子霖: 轻轻碰了碰白嘉轩的胳膊，脸上堆起殷勤的笑容，向前迈了一步"
      ],
      "emotional_shifts": {
        "npc_001": "警惕",
        "npc_002": "好奇"
      },
      "player_action": "询问村里是否有历史遗迹或故事流传",
      "timestamp": "2026-01-26T08:07:43.479682"
    },
    {
      "scene_number": 4,
      "location": "bailu_village",
      "participants": [
        {
          "id": "user",
          "name": "Traveler"
        },
        {
          "id": "npc_002",
          "name": "鹿子霖"
        },
        {
          "id": "npc_001",
          "name": "白嘉轩"
        }
      ],
      "key_events": [
        "鹿子霖: 捋了捋胡须，脸上挂着热情的笑容，向前迈了一步",
        "白嘉轩: 微微点头，双手负在身后，腰杆挺得笔直，但眼神中的警惕略有缓和"
      ],
      "emotional_shifts": {
        "npc_002": "好奇",
        "npc_001": "警惕"
      },
      "player_action": "先介绍自己的身份来消除对方疑虑",
      "timestamp": "2026-01-26T08:10:33.074418"
    },
    {
      "scene_number": 0,
      "location": "bailu_village",
      "participants": [
        {
          "id": "user",
          "name": "Traveler"
        }
      ],
      "key_events": [],
      "emotional_shifts": {},
      "player_action": "进入游戏世界",
      "timestamp": "2026-01-26T08:37:38.569020"
    },
    {
      "scene_number": 1,
      "location": "bailu_village",
      "participants": [
        {
          "id": "user",
          "name": "Traveler"
        },
        {
          "id": "npc_001",
          "name": "白嘉轩"
        },
        {
          "id": "npc_002",
          "name": "鹿子霖"
        }
      ],
      "key_events": [
        "白嘉轩: 缓缓站起身，双手背在身后，目光锐利而平静地打量着玩家",
        "鹿子霖: 放下烟杆，站起身拍了拍衣摆，脸上挂着圆滑的笑容"
      ],
      "emotional_shifts": {
        "npc_001": "警觉",
        "npc_002": "好奇而精明"
      },
      "player_action": "向白嘉轩自我介绍并询问白鹿村历史",
      "timestamp": "2026-01-26T08:50:50.072727"
    }
  ],
  "character_interactions": {
    "npc_001": [
      {
        "player_action": "二位老先生，我本求读于京师，深知读万卷书还需行万里路，现在就正在行万里路呢。不知贵府可否留小生借宿一晚",
        "response": "将手中的旱烟袋从嘴边拿开，在鞋底上轻轻磕了磕烟灰，沉稳地抬眼打量着这位年轻人",
        "emotional_impact": 0.0,
        "is_significant": false,
        "timestamp": "2026-01-26T02:17:36.496209"
      },
      {
        "player_action": "跟随鹿子霖前往他家，途中继续了解村中故事",
        "response": "微微颔首，目光若有所思地望着那排祠堂，随后轻咳一声",
        "emotional_impact": 0.0,
        "is_significant": false,
        "timestamp": "2026-01-26T02:20:11.718342"
      },
      {
        "player_action": "跟随鹿子霖前往他家，途中继续了解村中故事",
        "response": "沉默地跟在旁边，目光扫过路边的孩童和老人",
        "emotional_impact": 0.0,
        "is_significant": false,
        "timestamp": "2026-01-26T02:20:11.718354"
      },
      {
        "player_action": "听起来先生很有能力了",
        "response": "听到鹿子霖的邀请，轻轻皱了皱眉头，随即恢复平静，只是微微颔首",
        "emotional_impact": 0.0,
        "is_significant": false,
        "timestamp": "2026-01-26T06:14:44.697139"
      },
      {
        "player_action": "观察村里环境与鹿子霖搭讪",
        "response": "站在不远处的槐树下，双手背在身后，目光如炬地观察着村口的情况，尤其是鹿子霖与陌生人的互动",
        "emotional_impact": 0.0,
        "is_significant": false,
        "timestamp": "2026-01-26T07:59:48.458719"
      },
      {
        "player_action": "我路过此地，想了解白鹿村的历史",
        "response": "双手背在身后，腰杆挺直如青松，目光锐利地上下打量着玩家",
        "emotional_impact": 0.0,
        "is_significant": false,
        "timestamp": "2026-01-26T08:04:00.129334"
      },
      {
        "player_action": "我路过此地，想了解白鹿村的历史",
        "response": "轻轻哼了一声，对鹿子霖的动作不置可否，目光依然锁定玩家",
        "emotional_impact": 0.0,
        "is_significant": false,
        "timestamp": "2026-01-26T08:04:00.129367"
      },
      {
        "player_action": "询问村里是否有历史遗迹或故事流传",
        "response": "双手背在身后，腰杆挺直，目光锐利地审视着玩家，眉头微蹙",
        "emotional_impact": 0.0,
        "is_significant": false,
        "timestamp": "2026-01-26T08:07:43.479655"
      },
      {
        "player_action": "先介绍自己的身份来消除对方疑虑",
        "response": "微微点头，双手负在身后，腰杆挺得笔直，但眼神中的警惕略有缓和",
        "emotional_impact": 0.0,
        "is_significant": false,
        "timestamp": "2026-01-26T08:10:33.074410"
      },
      {
        "player_action": "向白嘉轩自我介绍并询问白鹿村历史",
        "response": "缓缓站起身，双手背在身后，目光锐利而平静地打量着玩家",
        "emotional_impact": 0.0,
        "is_significant": false,
        "timestamp": "2026-01-26T08:50:50.072688"
      }
    ],
    "npc_002": [
      {
        "player_action": "向白嘉轩打听村子情况和历史渊源",
        "response": "从角落的椅子上站起来，堆满笑容地走到桌边，手指轻敲着桌上的几册族谱",
        "emotional_impact": 0.0,
        "is_significant": false,
        "timestamp": "2026-01-26T02:12:18.421029"
      },
      {
        "player_action": "二位老先生，我本求读于京师，深知读万卷书还需行万里路，现在就正在行万里路呢。不知贵府可否留小生借宿一晚",
        "response": "搓了搓冻得有些发红的手，脸上堆满热情的笑容，拍了拍白嘉轩的肩膀",
        "emotional_impact": 0.0,
        "is_significant": false,
        "timestamp": "2026-01-26T02:17:36.496231"
      },
      {
        "player_action": "跟随鹿子霖前往他家，途中继续了解村中故事",
        "response": "热情地伸手指向远处，脸上洋溢着自豪的笑容",
        "emotional_impact": 0.0,
        "is_significant": false,
        "timestamp": "2026-01-26T02:20:11.718324"
      },
      {
        "player_action": "跟随鹿子霖前往他家，途中继续了解村中故事",
        "response": "轻轻碰了碰白嘉轩的胳膊，转向玩家继续说道",
        "emotional_impact": 0.0,
        "is_significant": false,
        "timestamp": "2026-01-26T02:20:11.718350"
      },
      {
        "player_action": "听起来先生很有能力了",
        "response": "听到赞美后，脸上堆起笑容，微微欠身，手掌向上摊开表示谦虚",
        "emotional_impact": 0.0,
        "is_significant": false,
        "timestamp": "2026-01-26T06:14:44.697118"
      },
      {
        "player_action": "观察村里环境与鹿子霖搭讪",
        "response": "正在擦拭着茶馆的柜台，抬头看见陌生人在四处张望，放下手中的抹布，脸上堆起热情的笑容",
        "emotional_impact": 0.0,
        "is_significant": false,
        "timestamp": "2026-01-26T07:59:48.458701"
      },
      {
        "player_action": "我路过此地，想了解白鹿村的历史",
        "response": "微微眯起眼睛，嘴角挂着恰到好处的笑容，轻轻拍了拍白嘉轩的胳膊",
        "emotional_impact": 0.0,
        "is_significant": false,
        "timestamp": "2026-01-26T08:04:00.129354"
      },
      {
        "player_action": "询问村里是否有历史遗迹或故事流传",
        "response": "轻轻碰了碰白嘉轩的胳膊，脸上堆起殷勤的笑容，向前迈了一步",
        "emotional_impact": 0.0,
        "is_significant": false,
        "timestamp": "2026-01-26T08:07:43.479675"
      },
      {
        "player_action": "先介绍自己的身份来消除对方疑虑",
        "response": "捋了捋胡须，脸上挂着热情的笑容，向前迈了一步",
        "emotional_impact": 0.0,
        "is_significant": false,
        "timestamp": "2026-01-26T08:10:33.074395"
      },
      {
        "player_action": "向白嘉轩自我介绍并询问白鹿村历史",
        "response": "放下烟杆，站起身拍了拍衣摆，脸上挂着圆滑的笑容",
        "emotional_impact": 0.0,
        "is_significant": false,
        "timestamp": "2026-01-26T08:50:50.072718"
      }
    ]
  },
  "significant_events": [],
  "player_choices": []
}