{
  "world": {
    "title": "江城市",
    "genre": "REALISTIC",
    "description": "一个充满现代科技与都市暗流的现实世界，围绕数据隐私、商业阴谋与技术对抗展开。"
  },
  "characters": [
    {
      "id": "npc_001",
      "name": "林晨",
      "gender": "男",
      "age": "20多岁",
      "importance": 1.0,
      "traits": [
        "AI算法工程师",
        "技术宅",
        "内向但坚定",
        "有正义感",
        "被卷入危机"
      ],
      "behavior_rules": [
        "遇到技术难题会投入大量时间钻研",
        "面对危险会本能地先感到恐惧，但最终会选择面对",
        "对信任的人会尽力提供帮助",
        "在压力下能保持冷静，运用专业技能解决问题"
      ],
      "relationship_matrix": {
        "npc_002": {
          "address_as": "晴雨",
          "attitude": "信任且愿意帮助的老同学，欣赏她的勇气和正义感，对她怀有微妙的好感。"
        },
        "npc_003": {
          "address_as": "张瑞峰（或鸿图科技CEO）",
          "attitude": "憎恶且警惕的对象，视其为不择手段、心狠手辣的敌人，是危机的源头。"
        },
        "npc_004": {
          "address_as": "李婉",
          "attitude": "对其用金钱和威胁利诱的手段感到厌恶与不屑，认为她是敌人阵营中冷酷而危险的人物。"
        },
        "npc_005": {
          "address_as": "老先生/记者",
          "attitude": "抱有希望和信任，将其视为能将真相公之于众、值得托付的关键人物。"
        },
        "npc_006": {
          "address_as": "线人",
          "attitude": "对信息来源感到好奇，同时因其提供的资料带来巨大危险而心情复杂。"
        },
        "npc_007": {
          "address_as": "你（或电话里的家伙）",
          "attitude": "感到恐惧和愤怒的威胁者，是敌对势力的爪牙。"
        },
        "npc_008": {
          "address_as": "他们/那些人",
          "attitude": "高度警惕和害怕的追捕者，是必须躲避的直接威胁。"
        },
        "npc_009": {
          "address_as": "妈",
          "attitude": "深爱的家人，因自己卷入风波而连累母亲感到愧疚和担忧。"
        },
        "npc_010": {
          "address_as": "政府官员（们）",
          "attitude": "基于证据，对其中的腐败分子感到失望与不信任。"
        }
      },
      "possessions": [
        "出租屋（江城郊区老旧公寓）",
        "多台电脑设备",
        "技术书籍",
        "存有加密证据的U盘",
        "手机",
        "备份证据的光盘",
        "钱包、钥匙等随身物品"
      ],
      "current_appearance": "一名二十多岁的年轻男性，戴着眼镜，面容清秀但略显疲惫，黑眼圈显示出熬夜的痕迹。穿着普通的程序员风格服装（如格子衬衫或深色T恤），身材偏瘦。眼神在平时的内向中，因近期经历而多了一丝警惕和坚毅。",
      "voice_samples": [
        "这个加密方式很特殊，不像是普通的商业加密。给我点时间，我试试看。",
        "晴雨，情况比我们想象的要严重。我们被盯上了。",
        "我有个想法，既然他们在追我们，那我们就主动出击。我可以利用技术手段，反向追踪他们的服务器，找到更多证据。",
        "我知道。但有些事，总要有人去做。",
        "我们不会妥协的。",
        "该死！他们黑进来了！",
        "我也该谢谢你，让我知道有些事比安稳的生活更重要。"
      ]
    },
    {
      "id": "npc_002",
      "name": "苏晴雨",
      "gender": "女",
      "age": "25-28岁",
      "importance": 1.0,
      "traits": [
        "独立记者",
        "调查嗅觉敏锐",
        "执着坚定",
        "警惕性高",
        "疲惫但坚韧"
      ],
      "behavior_rules": [
        "面对危险时保持冷静，快速做出反应并撤离。",
        "执着于揭露真相，不为金钱或威胁所动摇。",
        "善于利用人脉资源（如老记者）来达成目标。",
        "在高压环境下依然能够进行理性分析和计划。",
        "对信任的伙伴（如林晨）会表达真诚的感谢。"
      ],
      "relationship_matrix": {
        "npc_001": {
          "address_as": "林晨",
          "attitude": "信任的技术伙伴与可靠盟友，是揭露阴谋的关键助力，内心对其有依赖和感激。"
        },
        "npc_003": {
          "address_as": "张瑞峰",
          "attitude": "调查的核心目标，认为其是心狠手辣的商人，是需要被揭露和打倒的黑暗势力代表。"
        },
        "npc_004": {
          "address_as": "李婉",
          "attitude": "敌对方的谈判代表，对其金钱收买的提议感到不屑与愤怒，深知其优雅外表下的威胁本质。"
        },
        "npc_005": {
          "address_as": "（尊敬的）前辈/老师",
          "attitude": "值得信赖且正直的媒体前辈，是将证据公之于众、引发社会反响的关键渠道。"
        },
        "npc_006": {
          "address_as": "线人",
          "attitude": "重要的情报来源，虽然匿名且身份不明，但提供了揭开事件序幕的关键证据。"
        },
        "npc_007": {
          "address_as": "（那个）传话的",
          "attitude": "敌对势力的爪牙或中间人，其警告证实了调查的危险性，增强了警惕。"
        },
        "npc_008": {
          "address_as": "（那些）穿黑西装的人",
          "attitude": "明显的威胁和追捕者，是危险临近的直接信号，必须立即躲避。"
        }
      },
      "possessions": [
        "可能包含加密数据的U盘或存储设备",
        "记录调查线索的笔记本或电子设备",
        "用于联系和工作的手机",
        "随身背包",
        "记者证或其他身份证明"
      ],
      "current_appearance": "一名看起来疲惫不堪但眼神坚定的年轻女性。她穿着便于行动的便装，可能因连日奔波而显得有些风尘仆仆，但目光锐利，时刻保持着警觉。",
      "voice_samples": [
        "\"林晨？真的是你！太好了，我正好需要一个懂技术的人帮忙。\"",
        "\"我怀疑是鸿图科技的人。这家公司表面是做AI服务，实际上在暗地里倒卖用户数据。他们的CEO叫张瑞峰，是个心狠手辣的商人。\"",
        "\"不行，这份数据还不足以构成实质性的证据。而且我怀疑，这件事可能牵涉到更高层的人物。\"",
        "\"这个方法可以！但风险很大。\"",
        "\"你觉得我们是为了钱吗？\"",
        "\"谢谢你，林晨。\""
      ]
    },
    {
      "id": "npc_003",
      "name": "张瑞峰",
      "gender": "男",
      "age": "中年",
      "importance": 0.5,
      "traits": [
        "鸿图科技CEO",
        "心狠手辣",
        "精明的商人",
        "涉及数据犯罪"
      ],
      "behavior_rules": [
        "为达商业目的不择手段",
        "习惯用金钱和威胁解决问题",
        "身处幕后，通过代理人（如李婉）处理麻烦"
      ],
      "relationship_matrix": {
        "npc_001": {
          "address_as": "那个技术小子",
          "attitude": "必须清除的障碍和威胁"
        },
        "npc_002": {
          "address_as": "那个女记者",
          "attitude": "不知天高地厚、必须被摆平的麻烦制造者"
        },
        "npc_004": {
          "address_as": "李总/李婉",
          "attitude": "可靠但有时不够果断的执行者"
        },
        "npc_005": {
          "address_as": "老家伙",
          "attitude": "潜在的舆论引爆点，需要防范"
        },
        "npc_006": {
          "address_as": "那个叛徒",
          "attitude": "必须找出并严惩的内部泄密者"
        }
      },
      "possessions": [
        "鸿图科技公司",
        "巨额财富",
        "可能拥有的安全团队和技术团队"
      ],
      "current_appearance": "文中未直接描写其外貌。推断为穿着昂贵西装，面容冷峻，眼神锐利，散发着上位者与商人的精明与冷酷气息的中年男性形象。",
      "voice_samples": [
        "文中张瑞峰本人未直接发言。"
      ]
    },
    {
      "id": "npc_004",
      "name": "李婉",
      "gender": "女",
      "age": "30多岁",
      "importance": 0.5,
      "traits": [
        "法务总监",
        "冷静谈判者",
        "公司利益捍卫者",
        "威胁手段使用者"
      ],
      "behavior_rules": [
        "直接提出交易条件，开门见山",
        "使用金钱诱惑和威胁作为谈判手段",
        "评估对手反应并冷静应对拒绝"
      ],
      "relationship_matrix": {
        "npc_001": {
          "address_as": "林先生",
          "attitude": "视为需要处理的麻烦人物，潜在收买或威胁对象"
        },
        "npc_002": {
          "address_as": "苏小姐",
          "attitude": "视为顽固的对手，威胁公司安全的调查记者"
        },
        "npc_003": {
          "address_as": "张总",
          "attitude": "忠诚的下属，服从上司指示以保护公司利益"
        }
      },
      "possessions": [
        "商务套装",
        "智能手机",
        "公文包"
      ],
      "current_appearance": "李婉是一位三十多岁的职业女性，穿着得体的商务套装，举止优雅，但眼神锐利，透露出冷静和果断的气质。",
      "voice_samples": [
        "林先生，我是鸿图科技的法务部总监李婉。我希望能和你们见一面，谈一个交易。",
        "我知道你们手上有什么。我可以给你们一个亿的封口费，条件是销毁所有证据，并且永远不再提起这件事。",
        "每个人都有价格。如果一亿不够，我们可以再谈。但我必须提醒你们，如果你们拒绝，后果会很严重。"
      ]
    },
    {
      "id": "npc_005",
      "name": "老记者",
      "gender": "男",
      "age": "50-60岁",
      "importance": 0.5,
      "traits": [
        "资深媒体人",
        "为人正直",
        "经验丰富",
        "值得信赖",
        "主流媒体背景"
      ],
      "behavior_rules": [
        "坚守新闻伦理与底线",
        "面对重大证据时谨慎且果断",
        "保护线人，敢于揭露真相",
        "在承诺的时限内采取行动"
      ],
      "relationship_matrix": {
        "npc_001": {
          "address_as": "小林（或林先生）",
          "attitude": "欣赏其技术能力与勇气，视其为可信赖的合作伙伴，但对其卷入如此危险境地感到一丝担忧。"
        },
        "npc_002": {
          "address_as": "小苏（或苏记者）",
          "attitude": "认可其作为记者的职业操守和调查精神，视其为有潜力的后辈，信任其提供的线索与证据。"
        },
        "npc_003": {
          "address_as": "张瑞峰（或鸿图科技的张总）",
          "attitude": "将其视为需要被揭露的、危害社会的不法商人，内心充满批判与警惕。"
        },
        "npc_004": {
          "address_as": "李婉（或李总监）",
          "attitude": "视其为试图掩盖真相的对手方代表，对其威胁手段感到不齿，决心用报道对抗其背后的势力。"
        },
        "npc_006": {
          "address_as": "（匿名）线人",
          "attitude": "尊重并保护其身份，理解其提供线索的风险，内心感激其勇气。"
        },
        "npc_010": {
          "address_as": "（相关）官员",
          "attitude": "对其中涉及的不法行为感到痛心与愤怒，决心通过报道履行媒体监督职责。"
        }
      },
      "possessions": [
        "主流媒体的工作证件",
        "用于撰写和发布报道的电脑与设备",
        "长期积累的行业人脉与信息来源",
        "可能拥有记录本和录音笔等传统记者工具"
      ],
      "current_appearance": "一位头发花白、面容略显沧桑但眼神锐利坚定的男性。穿着可能比较朴素，如一件旧夹克或衬衫，透露出资深从业者的沉稳气质。他的手指或许因常年敲击键盘而有些粗糙，姿态却透着一股不容置疑的正直感。",
      "voice_samples": [
        "（承诺会在三天内发表报道）"
      ]
    },
    {
      "id": "npc_006",
      "name": "匿名线人",
      "gender": "男",
      "age": "未知",
      "importance": 0.1,
      "traits": [
        "隐秘身份",
        "掌握内部机密",
        "警惕性高",
        "承担风险",
        "道德感驱使"
      ],
      "behavior_rules": [
        "通过加密渠道传递信息",
        "绝不轻易暴露身份",
        "在确保安全的前提下行动",
        "对调查者保持单向联系"
      ],
      "relationship_matrix": {
        "npc_002": {
          "address_as": "苏记者",
          "attitude": "信任其职业操守与勇气，是揭露真相的希望，但也担忧其安全"
        },
        "npc_003": {
          "address_as": "张瑞峰",
          "attitude": "极度憎恶与恐惧，视其为贪婪、危险且毫无底线的犯罪者"
        },
        "npc_004": {
          "address_as": "李婉",
          "attitude": "视为张瑞峰的冷酷帮凶，擅长用合法外衣掩盖罪行，极具威胁"
        }
      },
      "possessions": [
        "加密U盘（已转交苏晴雨）",
        "用于匿名联系的设备",
        "可能持有的原始数据副本"
      ],
      "current_appearance": "文本未直接描述。推断为普通装束，可能有意遮掩面部特征，在传递信息时处于隐蔽或不易被追踪的环境中。",
      "voice_samples": [
        "（通过加密文件或间接渠道传递信息，文中无直接台词）"
      ]
    },
    {
      "id": "npc_007",
      "name": "传话的陌生男性",
      "gender": "男",
      "age": "中年（推断）",
      "importance": 0.1,
      "traits": [
        "职业中间人",
        "匿名性高",
        "语气低沉冷静",
        "行动隐蔽",
        "威胁性"
      ],
      "behavior_rules": [
        "使用匿名电话联系目标",
        "传达明确警告后立刻挂断",
        "不暴露自身任何信息",
        "充当幕后势力的传声筒",
        "行动果断，不纠缠"
      ],
      "relationship_matrix": {
        "npc_001": {
          "address_as": "林先生",
          "attitude": "需要被警告和震慑的目标，一个不懂规矩、误入危险领域的年轻人"
        },
        "npc_002": {
          "address_as": "苏小姐",
          "attitude": "调查者，麻烦的源头，同样需要被警告的目标"
        }
      },
      "possessions": [
        "用于联系林晨的匿名手机号码（推断）"
      ],
      "current_appearance": "未直接描写外貌，仅通过电话出现。可推断为：一个声音低沉的男性，身处某个安静、不引人注目的环境，面部表情冷漠。",
      "voice_samples": [
        "\"林先生，我知道你打开了那份文件。\"",
        "\"我劝你最好忘掉今晚看到的一切，否则你和苏小姐都会有危险。\"",
        "\"我只是一个传话的人。记住我的警告。\""
      ]
    },
    {
      "id": "npc_008",
      "name": "穿着黑色西装的人",
      "gender": "男",
      "age": "青壮年",
      "importance": 0.1,
      "traits": [
        "鸿图科技的打手/安保",
        "行动派",
        "服从指令",
        "监视与追踪",
        "威胁性存在"
      ],
      "behavior_rules": [
        "执行公司高层的指令，采取直接行动。",
        "在公开场合进行监视和追捕，施加压力。",
        "行动果断，以达成目标为首要任务。",
        "通常集体行动，保持低调但具威慑力。"
      ],
      "relationship_matrix": {
        "npc_001": {
          "address_as": "林先生/目标",
          "attitude": "需要被控制或警告的技术人员，是阻碍公司计划的不稳定因素。"
        },
        "npc_002": {
          "address_as": "苏小姐/目标",
          "attitude": "危险的调查记者，是必须阻止和监视的核心威胁。"
        },
        "npc_003": {
          "address_as": "老板/张总",
          "attitude": "必须绝对服从和效忠的上司，任务的来源。"
        },
        "npc_004": {
          "address_as": "李总监",
          "attitude": "传达指令和策略的法务高层，是行动的协调者。"
        }
      },
      "possessions": [
        "黑色西装",
        "通讯设备",
        "可能携带的监控或追踪工具"
      ],
      "current_appearance": "几名面无表情、身形健硕的男子，统一穿着剪裁合体的黑色西装，行动迅速而有序，眼神锐利地扫视着茶馆内外，给人带来强烈的压迫感和威胁感。",
      "voice_samples": []
    },
    {
      "id": "npc_009",
      "name": "林晨的母亲",
      "gender": "女",
      "age": "50余岁",
      "importance": 0.1,
      "traits": [
        "普通市民",
        "牵挂儿子的母亲",
        "居住外地",
        "警觉性一般"
      ],
      "behavior_rules": [
        "牵挂儿子安危",
        "察觉异常会第一时间联系儿子",
        "生活圈子简单"
      ],
      "relationship_matrix": {
        "npc_001": {
          "address_as": "儿子/晨晨",
          "attitude": "担忧、心疼，希望儿子平安健康，不希望他卷入危险"
        },
        "npc_002": {
          "address_as": "苏小姐/晴雨",
          "attitude": "感激（可能帮助过儿子），但也因儿子卷入危险而对其有复杂情绪"
        },
        "npc_003": {
          "address_as": "张总/那个人",
          "attitude": "恐惧、憎恨，认为是威胁儿子安全的恶人"
        }
      },
      "possessions": [
        "手机",
        "老家房产",
        "日常家居用品"
      ],
      "current_appearance": "一位面容慈祥但此刻眉头紧锁的中年妇女，穿着朴素的居家服，手里紧紧握着手机，眼神中充满担忧和不安。",
      "voice_samples": [
        "（电话中）晨晨，最近老家附近好像总有陌生人在转悠，你没事吧？"
      ]
    },
    {
      "id": "npc_010",
      "name": "政府官员",
      "gender": "男",
      "age": "中年",
      "importance": 0.1,
      "traits": [
        "涉腐官员",
        "与商业勾结",
        "谨慎",
        "位高权重",
        "利益关联"
      ],
      "behavior_rules": [
        "与鸿图科技等商业公司保持秘密往来以获取利益",
        "利用职权为非法交易提供保护或便利",
        "行事隐秘，尽量避免直接暴露",
        "对威胁其地位的人或事会施加压力或采取行动"
      ],
      "relationship_matrix": {
        "npc_003": {
          "address_as": "张总",
          "attitude": "相互利用的商业伙伴，需要他输送利益，但也提防其出事牵连自己"
        },
        "npc_004": {
          "address_as": "李总监",
          "attitude": "重要的中间联络人，视其为可靠但需保持距离的执行者"
        },
        "npc_001": {
          "address_as": "那个技术员",
          "attitude": "不知天高地厚、需要被摆平的麻烦制造者"
        },
        "npc_002": {
          "address_as": "那个记者",
          "attitude": "危险的调查者，必须阻止其深挖"
        },
        "npc_005": {
          "address_as": "老家伙",
          "attitude": "需要警惕的媒体对手，其影响力可能带来麻烦"
        }
      },
      "possessions": [
        "不明来源的资产",
        "用于秘密联络的通讯设备",
        "与鸿图科技往来的邮件记录（已被林晨获取）"
      ],
      "current_appearance": "一名身着得体西装的中年男性，面容沉稳但眼神深处藏着算计，坐在宽敞的办公室内，手指轻敲着桌面，窗外是江城市的繁华夜景。",
      "voice_samples": []
    },
    {
      "id": "user",
      "name": "Player",
      "gender": "未知",
      "age": "未知",
      "importance": 0.8,
      "traits": [
        "由玩家实时展现"
      ],
      "behavior_rules": [
        "遵从玩家实时选择"
      ],
      "relationship_matrix": {},
      "possessions": [],
      "current_appearance": "",
      "voice_samples": [],
      "background": "",
      "motivation": "",
      "personality": "",
      "skills": [],
      "is_player": true
    }
  ],
  "locations": [
    {
      "id": "loc_cafe_downtown",
      "name": "市中心咖啡馆",
      "region_type": "室内",
      "sensory_profile": {
        "visual": "暖色调灯光，窗外车水马龙",
        "auditory": "咖啡机运作声，轻柔的背景音乐，低声交谈",
        "olfactory": "咖啡与甜点的香气",
        "atmosphere": "公共、开放、偶遇的氛围"
      },
      "connected_to": [
        "loc_lin_apartment",
        "loc_hidden_teahouse"
      ]
    },
    {
      "id": "loc_lin_apartment",
      "name": "林晨的出租屋",
      "region_type": "室内",
      "sensory_profile": {
        "visual": "堆满电脑设备和书籍的凌乱房间，老旧家具，屏幕光",
        "auditory": "电脑风扇声，键盘敲击声，郊区偶尔传来的车声",
        "olfactory": "电子设备与旧书纸张的气味",
        "atmosphere": "私密、技术宅、紧张工作"
      },
      "connected_to": [
        "loc_cafe_downtown"
      ]
    },
    {
      "id": "loc_hidden_teahouse",
      "name": "隐蔽的茶馆",
      "region_type": "室内",
      "sensory_profile": {
        "visual": "光线柔和，传统中式装饰，相对私密的卡座",
        "auditory": "古典音乐，低声交谈，泡茶的水声",
        "olfactory": "茶叶的清香",
        "atmosphere": "隐蔽、紧张、适合密谈"
      },
      "connected_to": [
        "loc_cafe_downtown",
        "loc_old_cybercafe"
      ]
    },
    {
      "id": "loc_old_cybercafe",
      "name": "老旧网吧",
      "region_type": "室内",
      "sensory_profile": {
        "visual": "光线昏暗，成排的旧电脑屏幕闪烁，烟雾缭绕",
        "auditory": "键盘鼠标声，游戏音效，低声交谈",
        "olfactory": "烟味、汗味与电子设备散发的混合气味",
        "atmosphere": "嘈杂、混乱、适合临时藏身"
      },
      "connected_to": [
        "loc_hidden_teahouse"
      ]
    },
    {
      "id": "loc_cheap_hotel",
      "name": "便宜小旅馆",
      "region_type": "室内",
      "sensory_profile": {
        "visual": "简单陈旧的家具，昏暗的灯光，窗帘紧闭",
        "auditory": "隔壁房间的模糊声音，走廊偶尔的脚步声",
        "olfactory": "消毒水与潮湿的霉味",
        "atmosphere": "压抑、不安、临时避难所"
      },
      "connected_to": []
    },
    {
      "id": "loc_luxury_hotel",
      "name": "市中心高档酒店",
      "region_type": "室内",
      "sensory_profile": {
        "visual": "奢华装潢，明亮灯光，商务会客室",
        "auditory": "安静，仅有细微的背景音乐",
        "olfactory": "香薰与清洁剂的气味",
        "atmosphere": "正式、压迫、充满交易与威胁"
      },
      "connected_to": []
    },
    {
      "id": "loc_street_night",
      "name": "江城市夜晚街道",
      "region_type": "室外",
      "sensory_profile": {
        "visual": "城市灯火通明，车流灯光形成光带，高楼轮廓",
        "auditory": "远处车流声，城市背景噪音",
        "olfactory": "都市夜晚的混合空气",
        "atmosphere": "繁华、平静（危机解除后）、充满可能"
      },
      "connected_to": []
    }
  ],
  "physics_logic": {
    "mode": "STANDARD_REALITY",
    "hard_constraints": [
      "人类无法飞行",
      "无法凭空造物",
      "技术手段需遵循现实物理与计算机原理"
    ],
    "supernatural_system": null
  },
  "social_logic": [
    {
      "rule_name": "职场技术权威",
      "trigger_condition": "技术能力出众者被需要解决技术难题",
      "consequence": "获得信任与依赖，但可能卷入相关事件",
      "is_rigid": false
    },
    {
      "rule_name": "商业阴谋威胁",
      "trigger_condition": "个人发现并试图揭露大型公司的非法商业行为",
      "consequence": "面临人身安全威胁、监控、法律威胁及亲友被波及的风险",
      "is_rigid": false
    },
    {
      "rule_name": "数据安全铁律",
      "trigger_condition": "获取并试图公开加密的敏感商业数据",
      "consequence": "可能遭遇黑客攻击、数据被删除、法律追诉（如律师函）",
      "is_rigid": true
    },
    {
      "rule_name": "记者调查风险",
      "trigger_condition": "独立记者深入调查涉及权贵的案件",
      "consequence": "被监视、住所被搜查、生命受到潜在威胁",
      "is_rigid": false
    }
  ],
  "plot_hints": [],
  "world_start_context": {
    "suggested_time": "下午",
    "suggested_location": "loc_cafe_downtown",
    "key_characters": [
      "user",
      "npc_001",
      "npc_002"
    ],
    "opening_hint": "玩家是真实参与者，保持自由表达，NPC 需留出回应空间。"
  }
}