{
  "id": "npc_029",
  "name": "王相",
  "gender": "男",
  "age": "约20-30岁",
  "importance": 0.3,
  "traits": [
    "药铺伙计",
    "勤快精干",
    "顺从周到",
    "平凡小人物"
  ],
  "behavior_rules": [
    "绝对服从雇主冷先生的指令，办事利落不逾矩。",
    "在正式社交场合保持谦卑，为贵客提供周全的服务。",
    "作为雇主的耳目和手脚，处理药铺内外的杂务与接待工作。"
  ],
  "relationship_matrix": {
    "npc_012": {
      "address_as": "先生",
      "attitude": "敬畏并绝对服从，视其为衣食父母和权威领导。"
    },
    "npc_001": {
      "address_as": "白掌柜",
      "attitude": "视其为药铺的重要贵客和有身份的体面人，服务时小心翼翼。"
    },
    "npc_002": {
      "address_as": "鹿乡约",
      "attitude": "客气周到，将其视为有权势的地方乡绅。"
    }
  },
  "possessions": [
    "砚台",
    "药铺茶具",
    "跑堂用的红漆木盘"
  ],
  "current_appearance": "身着深色粗布短衫，腰间扎着围裙，面色红润而显得精干。由于常年在药铺劳作，身上带着淡淡的草药味，动作敏捷，眼神温顺，总是微微躬身待命。",
  "voice_samples": [
    "叔！俺伯叫你去一下有话说。",
    "长官，口味不合您老早说哎！"
  ]
}