{
    // ==========================================
    // 1. 基础元数据 (Meta Info)
    // ==========================================
    "id": "npc_unique_id",       // [String] 唯一标识符 (如: "npc_001")
    "name": "角色真名",          // [String] (如: "韩立" 或 "Linda")
    "gender": "性别",            // [String] (如: "男", "女", "无性", "未知")
    "age": "年龄描述",           // [String] 允许模糊描述 (如: "25岁", "外表12岁实际千岁", "未知")
    
    "importance": 0.8,           // [Float] 0 - 100
                                 // 剧情分配权重。决定了"命运编织者"让他在新剧情里露脸的频率。
                                 // 100 = 当前场景的主角/大反派; 5 = 路人甲
  
    // ==========================================
    // 2. 核心特质与逻辑 (Core Identity)
    // ==========================================
    "traits": [                  // [List<String>] 本质标签
      "标签1",                   // 身份标签 (如: "CEO", "剑修")
      "标签2",                   // 性格标签 (如: "腹黑", "社恐")
      "标签3"                    // 状态标签 (如: "重伤", "破产")
    ],
  
    "behavior_rules": [          // [List<String>] 行为逻辑准则
      "规则1",                   // 决策偏好 (如: "利益最大化，不讲情面")
      "规则2",                   // 情感模式 (如: "面对异性容易害羞")
      "规则3"                    // 特殊限制 (如: "绝不使用火系法术")
    ],
  
    // ==========================================
    // 3. 社交矩阵 (Relationship Matrix)
    // ==========================================
    // 定义该角色"眼中的别人"。key 为目标角色的 id (或 'user')
    "relationship_matrix": {
      "user": {
        "address_as": "称呼",    // [String] 他怎么叫这个目标 (如: "前辈", "那个废物", "亲爱的")
        "attitude": "态度摘要",  // [String] 简述关系基调 (如: "表面恭敬实则提防")
      },
      "npc_002": {
        "address_as": "老张",
        "attitude": "信任",
      }
    },
  
    // ==========================================
    // 4. 资产与外观 (Assets & Visuals)
    // ==========================================
    "possessions": [             // [List<String>] 关键持有物
      "物品名称"                 // 当前场景中身上携带的物品
      "物品名称"                 // 当前场景中身上携带的物品
      "物品名称"                 // 资产（银行账户、房地产等）
    ],
  
    "current_appearance": "外观描述", // [String]
                                     // 供"氛围感受者"描写画面使用。
                                     // (如: "身穿黑色风衣，眼角有一道明显的刀然，神情疲惫。")
  
    // ==========================================
    // 5. 语言样本 (Mimesis Data)
    // ==========================================
    "voice_samples": [           // [List<String>] 语言样本
      "原文台词 1",              // 必须保留原著的标点和语气词
      "原文台词 2",
      "原文台词 3"
    ]
  }

