{
  "location_id": "bailu_village",
  "location_name": "白鹿村",
  "time_of_day": "清晨",
  "weather": "晴朗，约18摄氏度",
  "present_characters": [
    {
      "id": "user",
      "name": "Traveler",
      "first_appearance": true
    },
    {
      "id": "npc_001",
      "name": "白嘉轩",
      "first_appearance": true
    },
    {
      "id": "npc_009",
      "name": "鹿三",
      "first_appearance": true
    }
  ],
  "scene_description": "晨曦微露，白鹿村笼罩在一片宁静之中。青石板路上凝结着露珠，远处的农田里已可见农人劳作的身影。村中的炊烟袅袅升起，空气中弥漫着泥土的芬芳。",
  "opening_narrative": "【剧情】\n- **剧情推演**: 清晨的阳光洒在白鹿村的黄土路上，村民们开始了一天的劳作。白嘉轩站在自家院中，仔细检查着农具，准备带领长工们下田耕种。鹿三恭敬地打扫着庭院，动作麻利而恭敬。此时，一个陌生人（Traveler）缓缓走进村庄，好奇地观察着这个古朴的村庄和村中的居民。村民们对这个外来者投来异样的目光，窃窃私语。白嘉轩注意到了这个陌生人，停下手中的活计，目光如炬地盯着这位不速之客。鹿三也停止了打扫，紧张地看着主人，又看了看陌生人。白嘉轩拄着拐杖，缓缓向陌生人走去，准备询问他的来意。村庄的宁静被打破，一场关于传统与新奇的对话即将展开。\n\n【世界与物理事件】\n- **时间流逝**: 过去了 10 分钟\n- **环境变动**: 无变动\n- **位置变动**: 无变动\n\n【角色登场与调度】\n- **入场**: Traveler (ID: user) [First Appearance: True] - *从村外缓缓走入村庄，好奇地观察着周围的环境*\n- **在场**: 白嘉轩 (ID: npc_001) - *维持现状，拄着拐杖走向陌生人*\n- **在场**: 鹿三 (ID: npc_"
}