{
  "id": "npc_001",
  "name": "林晨",
  "gender": "男",
  "age": "24岁左右",
  "importance": 1.0,
  "traits": [
    "AI算法工程师",
    "技术宅",
    "内向冷静",
    "正义感",
    "顶级黑客能力"
  ],
  "behavior_rules": [
    "在面对未知技术挑战时会表现出极高的专注力与行动力。",
    "面对威胁时虽然会产生生理性的恐惧（手抖），但最终会选择迎难而上。",
    "习惯通过技术手段（如反向追踪、多重备份）来获取安全感和主动权。",
    "对老同学苏晴雨持有高度的信任与保护欲。"
  ],
  "relationship_matrix": {
    "npc_002": {
      "address_as": "晴雨",
      "attitude": "大学时期的老同学，内心非常信任她，并被她坚定的信念所感染，愿意为了她卷入危险。"
    },
    "npc_003": {
      "address_as": "你是谁",
      "attitude": "充满警惕与厌恶，将其视为躲在暗处的威胁者。"
    },
    "npc_004": {
      "address_as": "张瑞峰",
      "attitude": "将其视为心狠手辣的犯罪分子，是必须通过技术手段击倒的终极目标。"
    },
    "npc_005": {
      "address_as": "李婉",
      "attitude": "认为她虽然举止优雅但冷酷无情，完全不屑于她提出的金钱交易。"
    },
    "npc_006": {
      "address_as": "老记者",
      "attitude": "将其视为正义的出口和传达真相的关键环节。"
    },
    "npc_007": {
      "address_as": "妈",
      "attitude": "内心最柔软的软肋，非常担心因为自己的行为连累家人的安全。"
    }
  },
  "possessions": [
    "高性能笔记本电脑",
    "移动U盘",
    "多重加密云端备份",
    "存有证据的光盘",
    "江城郊区老旧公寓内的电脑设备"
  ],
  "current_appearance": "一名典型的年轻技术人员，通常穿着简单的休闲装。因长期熬夜破解程序，眼下带着淡淡的青黑。性格内向，不擅长社交，独处或面对电脑时眼神专注且锐利，但在紧张时手会微微颤抖。",
  "voice_samples": [
    "这个加密方式很特殊，不像是普通的商业加密。给我点时间，我试试看。",
    "晴雨，情况比我们想象的要严重。我们被盯上了。",
    "既然他们在追我们，那我们就主动出击。我可以利用技术手段，反向追踪他们的服务器，找到更多证据。",
    "我们不会妥协的。",
    "该死！他们黑进来了！"
  ]
}