{
  "id": "4df490836ad549bba6374ff2ef9940ac",
  "timestamp": "2026-01-26T07:58:57.210452Z",
  "is_synced": false,
  "game_id": "d38387c483c14f078ff948fcd7920173",
  "character_id": "user",
  "version": 1,
  "card_data": {
    "id": "user",
    "name": "Traveler",
    "gender": "未知",
    "age": "未知",
    "importance": 0.8,
    "traits": [
      "由玩家实时展现"
    ],
    "behavior_rules": [
      "遵从玩家实时选择"
    ],
    "relationship_matrix": {},
    "possessions": [],
    "current_appearance": "",
    "voice_samples": [],
    "background": "",
    "motivation": "",
    "personality": "",
    "skills": [],
    "is_player": true
  },
  "changes": null,
  "changed_by": "genesis_import"
}