{
  "id": "b960d6db446140f19c938328ff113560",
  "timestamp": "2026-01-26T02:08:42.258941Z",
  "is_synced": false,
  "game_id": "4c5734f63fcc49e6a3a7a8e2691d835d",
  "character_id": "user",
  "version": 1,
  "card_data": {
    "id": "user",
    "name": "Traveler",
    "gender": "未知",
    "age": "未知",
    "importance": 0.8,
    "traits": [
      "由玩家实时展现"
    ],
    "behavior_rules": [
      "遵从玩家实时选择"
    ],
    "relationship_matrix": {},
    "possessions": [],
    "current_appearance": "",
    "voice_samples": [],
    "background": "",
    "motivation": "",
    "personality": "",
    "skills": [],
    "is_player": true
  },
  "changes": null,
  "changed_by": "genesis_import"
}