{
  "id": "npc_022",
  "name": "鹿泰恒",
  "gender": "男",
  "age": "老年",
  "importance": 0.5,
  "traits": [
    "鹿氏族长",
    "老练圆滑",
    "家族至上",
    "儒雅守旧"
  ],
  "behavior_rules": [
    "凡事以家族荣耀和子孙前途为第一考量。",
    "在处理族际关系时，表面维持礼仪与客气，内心极度好强。",
    "面对晚辈不轨或家族危机时，能狠下心肠使用极端手段（如跪求、杖责）以维护纲常。",
    "信奉“卧薪尝胆”的勾践精神，讲究隐忍与报复的平衡。"
  ],
  "relationship_matrix": {
    "npc_001": {
      "address_as": "嘉轩侄儿",
      "attitude": "将其视为潜在且强劲的对手，虽表面维持长辈的关怀与仁义，实则暗中较劲，不愿在任何事上落于其后。"
    },
    "npc_002": {
      "address_as": "子霖",
      "attitude": "对儿子既寄予厚望又时常失望，认为其心志不坚，不断提醒他不要忘记祖宗遗愿，是其政治和家族行动的幕后操盘手。"
    },
    "npc_003": {
      "address_as": "兆鹏 / 鹿校长",
      "attitude": "对其反叛行为深恶痛绝，认为其羞辱了先人，不惜通过当众下跪和杖责来强迫其回归传统家庭生活。"
    },
    "npc_012": {
      "address_as": "冷侄儿 / 亲家",
      "attitude": "对其医术和为人极其敬重，认为他是白鹿镇不可或缺的平衡力量，也是家族联姻的重要对象。"
    }
  },
  "possessions": [
    "白鹿村一流的四合院（老勺勺客留下的遗产）",
    "磨得紫黑光亮的拐杖",
    "黄铜水烟壶",
    "家族流传的“勾践精神”训诫"
  ],
  "current_appearance": "长条脸，眼窝深陷，长长的眼睫毛。虽然年迈，但动作优雅，手指细长灵巧。常穿长袍马褂，手端黄铜水烟壶，神态冷峻而持重，展现出一种看透世事却又执着于家族胜负的威严。",
  "voice_samples": [
    "嘉轩侄儿即当真心卖地，我也不能买。咋哩？让人说我乘人危难拾掇合在便宜哩！",
    "我一辈子都是伺候人，顶没出息。争一口气，让人伺候你才荣耀祖宗。",
    "你是校长嘛！爷是平头百姓庄稼汉嘛！是官都得尊嘛！",
    "我求你跟我回去，再没二话。你不答应不吐核儿的话，我就跪到院子中间去。"
  ]
}